{"type":"FeatureCollection","features":[{"type":"Feature","geometry":{"type":"MultiPolygon","coordinates":[[[[-75.29333,10.70068],[-75.29376,10.70319],[-75.29927,10.69961],[-75.31969,10.69377],[-75.34166,10.69069],[-75.35733,10.69062],[-75.36582,10.6868],[-75.39424,10.68267],[-75.3957,10.68169],[-75.39537,10.67562],[-75.39864,10.66279],[-75.40699,10.6566],[-75.41619,10.65234],[-75.41788,10.6469],[-75.42129,10.64355],[-75.45154,10.62761],[-75.45819,10.59567],[-75.46146,10.5897],[-75.47627,10.58091],[-75.48891,10.57738],[-75.50223,10.57598],[-75.51267,10.57108],[-75.51532,10.5605],[-75.50289,10.55045],[-75.49452,10.53499],[-75.49671,10.52416],[-75.50206,10.5104],[-75.50008,10.50725],[-75.50243,10.50148],[-75.50115,10.49777],[-75.49326,10.49292],[-75.49158,10.48898],[-75.49222,10.4864],[-75.4978,10.4741],[-75.51143,10.45724],[-75.51057,10.45636],[-75.51891,10.45124],[-75.52693,10.4432],[-75.52875,10.44313],[-75.52944,10.44086],[-75.53041,10.44184],[-75.52967,10.44069],[-75.53129,10.43932],[-75.54683,10.43198],[-75.55404,10.42546],[-75.55447,10.42179],[-75.55134,10.41474],[-75.55212,10.40903],[-75.55722,10.40297],[-75.56256,10.39909],[-75.56549,10.39894],[-75.56447,10.39762],[-75.56642,10.39658],[-75.56459,10.39693],[-75.55903,10.39212],[-75.55583,10.39467],[-75.54484,10.39034],[-75.54537,10.39215],[-75.55457,10.39792],[-75.54837,10.41057],[-75.54597,10.4119],[-75.54883,10.41326],[-75.54717,10.41371],[-75.55174,10.4189],[-75.5491,10.42225],[-75.54983,10.42065],[-75.54804,10.4186],[-75.54407,10.41695],[-75.54465,10.41404],[-75.53747,10.40818],[-75.53967,10.40586],[-75.53332,10.40516],[-75.53387,10.40355],[-75.53168,10.40497],[-75.53223,10.40335],[-75.53128,10.40492],[-75.52402,10.40487],[-75.52408,10.39656],[-75.52562,10.39655],[-75.52696,10.39995],[-75.53032,10.39777],[-75.52462,10.39588],[-75.52623,10.39497],[-75.52467,10.39217],[-75.52518,10.39408],[-75.52874,10.3961],[-75.53353,10.39236],[-75.53745,10.39385],[-75.53268,10.38984],[-75.53041,10.38493],[-75.52424,10.38117],[-75.52319,10.38296],[-75.52534,10.38281],[-75.52744,10.38549],[-75.52716,10.38954],[-75.52453,10.39208],[-75.52631,10.3859],[-75.51964,10.38643],[-75.51749,10.3851],[-75.5167,10.38634],[-75.51701,10.38481],[-75.51281,10.38269],[-75.50898,10.37418],[-75.50821,10.37042],[-75.51103,10.364],[-75.51004,10.36047],[-75.50869,10.36049],[-75.5118,10.35513],[-75.51025,10.35314],[-75.5099,10.35487],[-75.50815,10.34928],[-75.50984,10.34712],[-75.50402,10.3427],[-75.5043,10.34111],[-75.50907,10.34082],[-75.51138,10.33731],[-75.50971,10.33321],[-75.50777,10.33271],[-75.50994,10.3314],[-75.50845,10.32025],[-75.50974,10.31672],[-75.50691,10.31652],[-75.50449,10.3105],[-75.50153,10.31206],[-75.50389,10.30802],[-75.50313,10.30109],[-75.50659,10.29894],[-75.50859,10.30002],[-75.50931,10.29842],[-75.51204,10.30048],[-75.51497,10.29615],[-75.51569,10.30035],[-75.5105,10.30181],[-75.51718,10.3013],[-75.51725,10.29624],[-75.52094,10.29422],[-75.52524,10.29595],[-75.52603,10.29411],[-75.53048,10.30418],[-75.52822,10.29128],[-75.54446,10.28142],[-75.53503,10.28555],[-75.53189,10.27958],[-75.53467,10.27639],[-75.54012,10.2757],[-75.54484,10.2762],[-75.5465,10.27987],[-75.55643,10.27489],[-75.56193,10.26951],[-75.56066,10.26762],[-75.56149,10.2633],[-75.56406,10.26711],[-75.56299,10.26886],[-75.56634,10.2696],[-75.56437,10.27106],[-75.56886,10.26891],[-75.57239,10.26986],[-75.58096,10.2783],[-75.58074,10.28133],[-75.58293,10.28425],[-75.58082,10.2862],[-75.58136,10.28807],[-75.57936,10.28636],[-75.57854,10.28773],[-75.57878,10.29574],[-75.58157,10.2951],[-75.58125,10.29694],[-75.5786,10.29736],[-75.57884,10.29979],[-75.58319,10.29731],[-75.58681,10.29798],[-75.59163,10.29235],[-75.59589,10.27871],[-75.59307,10.27301],[-75.5949,10.2679],[-75.59074,10.26392],[-75.58394,10.26157],[-75.59049,10.2613],[-75.59136,10.26334],[-75.59513,10.26369],[-75.59539,10.26194],[-75.60033,10.25861],[-75.60929,10.2581],[-75.61284,10.26019],[-75.61383,10.25824],[-75.61622,10.25817],[-75.61611,10.25598],[-75.6187,10.25294],[-75.62222,10.25141],[-75.62149,10.24886],[-75.61803,10.2461],[-75.61107,10.24492],[-75.60524,10.23919],[-75.60491,10.2405],[-75.59738,10.24081],[-75.59813,10.23922],[-75.59604,10.24045],[-75.59552,10.23869],[-75.59317,10.23837],[-75.59438,10.23712],[-75.58825,10.23573],[-75.58619,10.22618],[-75.5892,10.225],[-75.59252,10.22638],[-75.58768,10.22975],[-75.59603,10.23247],[-75.59941,10.23029],[-75.59969,10.23358],[-75.60494,10.23656],[-75.60524,10.23066],[-75.60787,10.22423],[-75.61298,10.21772],[-75.61904,10.21389],[-75.6213,10.20585],[-75.63174,10.19456],[-75.63026,10.1917],[-75.6391,10.18897],[-75.64694,10.1811],[-75.64658,10.17854],[-75.6479,10.1776],[-75.65481,10.1776],[-75.65507,10.17352],[-75.64962,10.17102],[-75.65412,10.16382],[-75.66299,10.15982],[-75.67279,10.15845],[-75.67544,10.15983],[-75.67853,10.15745],[-75.68206,10.16021],[-75.68753,10.15562],[-75.68588,10.15343],[-75.69128,10.14841],[-75.69105,10.14258],[-75.6957,10.14249],[-75.69474,10.14394],[-75.69741,10.14397],[-75.69587,10.14583],[-75.69333,10.14536],[-75.69401,10.14989],[-75.69745,10.14596],[-75.70328,10.14404],[-75.70415,10.14018],[-75.69994,10.13396],[-75.69092,10.13038],[-75.68633,10.13076],[-75.68211,10.13746],[-75.68678,10.13804],[-75.68638,10.13967],[-75.68279,10.1413],[-75.68099,10.14028],[-75.67909,10.14307],[-75.67818,10.14046],[-75.68272,10.1386],[-75.67792,10.13976],[-75.66914,10.13802],[-75.65516,10.15238],[-75.64888,10.16498],[-75.63963,10.17488],[-75.64128,10.18154],[-75.63712,10.18861],[-75.63669,10.18429],[-75.63476,10.18383],[-75.63467,10.18234],[-75.63827,10.17726],[-75.62434,10.19099],[-75.62118,10.19707],[-75.6033,10.19986],[-75.58698,10.21407],[-75.58516,10.2182],[-75.57646,10.22386],[-75.5662,10.22758],[-75.55728,10.22871],[-75.54762,10.24116],[-75.54231,10.24445],[-75.52566,10.23785],[-75.52574,10.23636],[-75.52281,10.23647],[-75.52658,10.23402],[-75.52946,10.23508],[-75.53275,10.23264],[-75.53696,10.23313],[-75.53765,10.23061],[-75.54152,10.23059],[-75.54312,10.22862],[-75.54676,10.22944],[-75.54466,10.22417],[-75.54623,10.21678],[-75.54245,10.21666],[-75.54317,10.2203],[-75.54168,10.22442],[-75.53734,10.22721],[-75.5297,10.22698],[-75.52814,10.2206],[-75.52607,10.2227],[-75.52464,10.22112],[-75.52532,10.20506],[-75.52133,10.19034],[-75.52345,10.17451],[-75.52085,10.17335],[-75.53384,10.1755],[-75.52883,10.17037],[-75.52064,10.16787],[-75.51983,10.16382],[-75.51736,10.162],[-75.50368,10.16247],[-75.51729,10.2104],[-75.48942,10.21496],[-75.48336,10.24],[-75.50102,10.24648],[-75.49992,10.25226],[-75.49928,10.25324],[-75.49646,10.24927],[-75.49372,10.24977],[-75.4926,10.25279],[-75.48736,10.25458],[-75.48678,10.25607],[-75.49161,10.25867],[-75.49307,10.26491],[-75.48992,10.26811],[-75.48724,10.27468],[-75.48618,10.28358],[-75.48054,10.28518],[-75.47633,10.27956],[-75.47601,10.27317],[-75.471,10.27431],[-75.47263,10.27887],[-75.47478,10.27876],[-75.47789,10.2846],[-75.47887,10.29587],[-75.48221,10.30091],[-75.4826,10.31886],[-75.47427,10.3208],[-75.4633,10.31882],[-75.45647,10.31459],[-75.44237,10.31065],[-75.44217,10.3157],[-75.46323,10.32766],[-75.46243,10.34861],[-75.47605,10.36403],[-75.46435,10.37586],[-75.4614,10.38285],[-75.45904,10.37977],[-75.45744,10.38162],[-75.45139,10.38955],[-75.45153,10.39536],[-75.44762,10.39517],[-75.43776,10.39048],[-75.42468,10.39592],[-75.42303,10.40227],[-75.44004,10.41481],[-75.42346,10.42626],[-75.41596,10.4391],[-75.41091,10.45927],[-75.41269,10.472],[-75.4035,10.51267],[-75.40056,10.51879],[-75.39558,10.51623],[-75.39216,10.52686],[-75.39055,10.52269],[-75.39135,10.53306],[-75.38936,10.53623],[-75.37994,10.53244],[-75.37209,10.53256],[-75.36941,10.53621],[-75.37122,10.53835],[-75.37131,10.54284],[-75.38016,10.54718],[-75.38828,10.54382],[-75.3878,10.54571],[-75.38623,10.54555],[-75.3876,10.54888],[-75.38593,10.55161],[-75.37483,10.55301],[-75.3667,10.55943],[-75.36529,10.56133],[-75.36544,10.56652],[-75.36835,10.56928],[-75.36524,10.57118],[-75.36206,10.57988],[-75.35573,10.58209],[-75.35398,10.58452],[-75.34986,10.58347],[-75.34836,10.58504],[-75.34572,10.58464],[-75.34884,10.58862],[-75.3461,10.59104],[-75.35061,10.59465],[-75.34809,10.5964],[-75.34847,10.59864],[-75.34658,10.59869],[-75.34809,10.60072],[-75.34651,10.6018],[-75.34526,10.60001],[-75.34575,10.60186],[-75.341,10.6045],[-75.3416,10.60676],[-75.33934,10.60876],[-75.34094,10.60836],[-75.34286,10.61043],[-75.34178,10.6133],[-75.3436,10.61493],[-75.34293,10.61695],[-75.34434,10.61685],[-75.34338,10.61874],[-75.3465,10.62143],[-75.34468,10.62711],[-75.34323,10.62731],[-75.34337,10.63016],[-75.336,10.63395],[-75.33301,10.62999],[-75.33101,10.62961],[-75.32914,10.63256],[-75.31971,10.63343],[-75.31725,10.63672],[-75.31367,10.63532],[-75.31329,10.63655],[-75.30813,10.6362],[-75.30247,10.64337],[-75.30003,10.65327],[-75.29606,10.65681],[-75.29418,10.65626],[-75.29424,10.65786],[-75.29124,10.66007],[-75.29143,10.66545],[-75.28936,10.66551],[-75.2869,10.66965],[-75.28896,10.67121],[-75.28892,10.67564],[-75.29129,10.67825],[-75.28932,10.67975],[-75.28783,10.69139],[-75.29091,10.69436],[-75.2903,10.69784],[-75.29333,10.70068]]],[[[-76.1747,9.39857],[-76.18103,9.39764],[-76.18891,9.39297],[-76.19038,9.38392],[-76.18799,9.38348],[-76.18562,9.38004],[-76.17963,9.37792],[-76.17623,9.38056],[-76.17624,9.38687],[-76.17287,9.38779],[-76.17469,9.39376],[-76.17281,9.39735],[-76.1747,9.39857]]],[[[-75.75254,9.73889],[-75.75409,9.73942],[-75.7477,9.73438],[-75.73969,9.73761],[-75.74647,9.73674],[-75.75254,9.73889]]],[[[-75.87178,9.78389],[-75.87575,9.78285],[-75.87588,9.77981],[-75.8688,9.78063],[-75.86952,9.78389],[-75.87178,9.78389]]],[[[-75.85945,9.7865],[-75.85933,9.78531],[-75.85829,9.78572],[-75.85945,9.7865]]],[[[-75.85353,9.79354],[-75.8544,9.79329],[-75.85351,9.79246],[-75.85353,9.79354]]],[[[-75.85388,9.79501],[-75.85471,9.79492],[-75.85446,9.7941],[-75.85388,9.79501]]],[[[-75.85698,9.79582],[-75.85753,9.79577],[-75.85719,9.79495],[-75.85698,9.79582]]],[[[-75.85565,9.79631],[-75.85584,9.7954],[-75.85457,9.79583],[-75.85565,9.79631]]],[[[-75.85331,9.7969],[-75.85403,9.79758],[-75.85415,9.79673],[-75.85331,9.7969]]],[[[-75.85138,9.80458],[-75.85621,9.79941],[-75.85523,9.79757],[-75.85567,9.79874],[-75.85364,9.79831],[-75.85433,9.8001],[-75.85279,9.79966],[-75.85236,9.79547],[-75.85142,9.80132],[-75.85003,9.79691],[-75.85168,9.7965],[-75.8517,9.79155],[-75.85232,9.79422],[-75.85358,9.7915],[-75.85484,9.79245],[-75.85539,9.78946],[-75.85689,9.79503],[-75.85593,9.79302],[-75.85746,9.79046],[-75.85616,9.78846],[-75.8277,9.79062],[-75.82656,9.79405],[-75.82806,9.79598],[-75.83062,9.79542],[-75.83999,9.79849],[-75.84411,9.79868],[-75.84442,9.79645],[-75.84138,9.79708],[-75.84142,9.79579],[-75.84452,9.79596],[-75.84497,9.79269],[-75.84542,9.795],[-75.8474,9.79325],[-75.85004,9.79572],[-75.84766,9.79726],[-75.84712,9.79502],[-75.8461,9.797],[-75.84538,9.79575],[-75.84462,9.79943],[-75.85036,9.80065],[-75.85138,9.80458]]],[[[-75.72731,10.14634],[-75.72791,10.1453],[-75.72696,10.14437],[-75.72731,10.14634]]],[[[-75.69237,10.14962],[-75.69334,10.14937],[-75.69319,10.14873],[-75.69237,10.14962]]],[[[-75.6756,10.16116],[-75.67759,10.16063],[-75.67408,10.16104],[-75.6756,10.16116]]],[[[-75.7758,10.16394],[-75.77603,10.16442],[-75.77615,10.16367],[-75.7758,10.16394]]],[[[-75.65964,10.16425],[-75.6602,10.16414],[-75.65987,10.16393],[-75.65964,10.16425]]],[[[-75.67123,10.16463],[-75.67261,10.16383],[-75.6722,10.16116],[-75.67123,10.16463]]],[[[-75.65484,10.16528],[-75.65539,10.16514],[-75.65484,10.16439],[-75.65484,10.16528]]],[[[-75.66153,10.16559],[-75.66184,10.16521],[-75.66152,10.16531],[-75.66153,10.16559]]],[[[-75.78938,10.16712],[-75.79264,10.16584],[-75.79651,10.16704],[-75.79339,10.15947],[-75.79032,10.15658],[-75.78322,10.15955],[-75.78931,10.16457],[-75.78728,10.16473],[-75.78679,10.16667],[-75.78938,10.16712]]],[[[-75.6628,10.16723],[-75.66329,10.16643],[-75.66276,10.16647],[-75.6628,10.16723]]],[[[-75.66723,10.16688],[-75.66723,10.16599],[-75.666,10.16699],[-75.66723,10.16688]]],[[[-75.7971,10.16804],[-75.79732,10.16743],[-75.79657,10.16717],[-75.7971,10.16804]]],[[[-75.65442,10.17263],[-75.65775,10.16968],[-75.66772,10.16873],[-75.66929,10.16373],[-75.66799,10.16384],[-75.66819,10.16792],[-75.66523,10.16711],[-75.66306,10.16937],[-75.66048,10.16932],[-75.65996,10.16686],[-75.65818,10.1694],[-75.65739,10.16608],[-75.65352,10.16719],[-75.65268,10.1693],[-75.65442,10.17263]]],[[[-75.76835,10.17507],[-75.76847,10.17365],[-75.76693,10.17368],[-75.76835,10.17507]]],[[[-75.75902,10.17599],[-75.75884,10.17569],[-75.75841,10.17572],[-75.75902,10.17599]]],[[[-75.77195,10.17747],[-75.77244,10.17735],[-75.77188,10.177],[-75.77195,10.17747]]],[[[-75.77099,10.17763],[-75.77243,10.17626],[-75.77124,10.17625],[-75.77099,10.17763]]],[[[-75.75852,10.1777],[-75.75827,10.17841],[-75.75926,10.17669],[-75.75852,10.1777]]],[[[-75.7658,10.17867],[-75.76619,10.17871],[-75.766,10.17824],[-75.7658,10.17867]]],[[[-75.7766,10.17881],[-75.77677,10.1783],[-75.77621,10.17791],[-75.7766,10.17881]]],[[[-75.75457,10.17901],[-75.75539,10.175],[-75.75778,10.17511],[-75.75478,10.17338],[-75.75115,10.17607],[-75.75128,10.17911],[-75.75377,10.17583],[-75.75457,10.17901]]],[[[-75.67037,10.17947],[-75.67118,10.17843],[-75.66943,10.17751],[-75.67037,10.17947]]],[[[-75.77836,10.17939],[-75.77773,10.1785],[-75.77746,10.17927],[-75.77836,10.17939]]],[[[-75.77682,10.17932],[-75.77705,10.17994],[-75.77684,10.17906],[-75.77682,10.17932]]],[[[-75.74984,10.18007],[-75.75089,10.17896],[-75.74965,10.17488],[-75.74867,10.18049],[-75.74984,10.18007]]],[[[-75.77561,10.18067],[-75.77593,10.18054],[-75.77564,10.18046],[-75.77561,10.18067]]],[[[-75.7773,10.18078],[-75.77757,10.18068],[-75.77738,10.18016],[-75.7773,10.18078]]],[[[-75.77159,10.18113],[-75.77195,10.18096],[-75.77146,10.18071],[-75.77159,10.18113]]],[[[-75.74867,10.18151],[-75.74894,10.18229],[-75.74891,10.18189],[-75.74867,10.18151]]],[[[-75.71786,10.18313],[-75.71797,10.18286],[-75.7173,10.18297],[-75.71786,10.18313]]],[[[-75.72154,10.18394],[-75.72248,10.18337],[-75.72211,10.18211],[-75.72154,10.18394]]],[[[-75.73723,10.18408],[-75.73693,10.18155],[-75.73905,10.18012],[-75.74416,10.1818],[-75.7453,10.18049],[-75.74586,10.18407],[-75.74871,10.18246],[-75.74724,10.17228],[-75.74418,10.17086],[-75.74304,10.1721],[-75.73718,10.17219],[-75.73435,10.17612],[-75.72992,10.17698],[-75.72739,10.17996],[-75.72731,10.17785],[-75.72561,10.17783],[-75.72343,10.18111],[-75.72599,10.18225],[-75.72575,10.18388],[-75.73029,10.18111],[-75.73587,10.18222],[-75.73723,10.18408]]],[[[-75.72616,10.18478],[-75.7265,10.18493],[-75.72642,10.18463],[-75.72616,10.18478]]],[[[-75.72783,10.18487],[-75.72815,10.18488],[-75.7275,10.18449],[-75.72783,10.18487]]],[[[-75.71754,10.18501],[-75.71783,10.18448],[-75.71748,10.1847],[-75.71754,10.18501]]],[[[-75.73713,10.18523],[-75.73705,10.18527],[-75.73713,10.18539],[-75.73713,10.18523]]],[[[-75.73804,10.18543],[-75.73802,10.18517],[-75.73769,10.18525],[-75.73804,10.18543]]],[[[-75.57762,10.31371],[-75.57829,10.3149],[-75.57884,10.31368],[-75.57661,10.31189],[-75.57602,10.31311],[-75.57762,10.31371]]],[[[-75.57537,10.38136],[-75.57797,10.37938],[-75.57656,10.37719],[-75.57986,10.36916],[-75.58562,10.36589],[-75.5867,10.36177],[-75.59146,10.35801],[-75.59035,10.35233],[-75.59341,10.34767],[-75.59095,10.33953],[-75.59328,10.33161],[-75.59073,10.32583],[-75.59144,10.32342],[-75.58259,10.3198],[-75.58213,10.31801],[-75.58047,10.32048],[-75.58261,10.32105],[-75.57492,10.3277],[-75.57712,10.32864],[-75.5776,10.33204],[-75.58076,10.33473],[-75.57482,10.338],[-75.57446,10.34154],[-75.56939,10.3415],[-75.56638,10.34516],[-75.56353,10.34251],[-75.5639,10.33894],[-75.56217,10.34028],[-75.55981,10.33713],[-75.56132,10.34435],[-75.5581,10.34593],[-75.55674,10.34137],[-75.55601,10.3427],[-75.55412,10.33997],[-75.55537,10.3379],[-75.55277,10.33908],[-75.55097,10.33639],[-75.54895,10.33611],[-75.54703,10.3416],[-75.54309,10.34186],[-75.54375,10.34372],[-75.5383,10.34917],[-75.54568,10.35156],[-75.54684,10.35404],[-75.54503,10.35532],[-75.54638,10.35611],[-75.54911,10.35539],[-75.5501,10.3518],[-75.54821,10.35182],[-75.54472,10.34824],[-75.54939,10.34972],[-75.55122,10.35148],[-75.55013,10.35522],[-75.55165,10.35586],[-75.54362,10.35879],[-75.54092,10.35537],[-75.53942,10.35969],[-75.53825,10.35626],[-75.53746,10.35702],[-75.54061,10.36286],[-75.54868,10.36562],[-75.55809,10.36593],[-75.55892,10.36769],[-75.5702,10.37355],[-75.57537,10.38136]]]]},"properties":{"MPIO_CCDGO":"001","MPIO_CNMBRE":"CARTAGENA DE INDIAS","DPTO_CCDGO":"13"}},{"type":"Feature","geometry":{"type":"Polygon","coordinates":[[[-74.53501,8.83829],[-74.5648,8.83627],[-74.56136,8.82656],[-74.55553,8.82438],[-74.54809,8.81306],[-74.54182,8.80841],[-74.5393,8.80425],[-74.53963,8.80037],[-74.54574,8.79997],[-74.55027,8.80143],[-74.55565,8.79945],[-74.55607,8.79765],[-74.56367,8.79584],[-74.57518,8.78555],[-74.57642,8.77816],[-74.57115,8.77684],[-74.57131,8.77317],[-74.57313,8.77218],[-74.57625,8.7748],[-74.58304,8.77094],[-74.58565,8.77103],[-74.588,8.76702],[-74.58733,8.76253],[-74.58935,8.76114],[-74.59628,8.76356],[-74.6066,8.76288],[-74.60985,8.75939],[-74.61073,8.75594],[-74.59993,8.74423],[-74.60028,8.73992],[-74.60759,8.73181],[-74.60913,8.72574],[-74.60619,8.71591],[-74.60472,8.71674],[-74.60092,8.71194],[-74.59481,8.69464],[-74.59451,8.68842],[-74.59712,8.67794],[-74.59172,8.67211],[-74.59067,8.66877],[-74.59914,8.65531],[-74.59714,8.64784],[-74.58961,8.6391],[-74.58671,8.63078],[-74.58994,8.61682],[-74.58766,8.61031],[-74.59296,8.60534],[-74.59532,8.60042],[-74.59471,8.5923],[-74.57664,8.58391],[-74.56375,8.57176],[-74.56258,8.56905],[-74.56476,8.55951],[-74.56394,8.54916],[-74.56867,8.54715],[-74.57234,8.54754],[-74.57655,8.54432],[-74.57394,8.53983],[-74.57415,8.53011],[-74.5723,8.5293],[-74.5722,8.5254],[-74.56638,8.51476],[-74.56653,8.51173],[-74.56939,8.51044],[-74.56869,8.50755],[-74.56354,8.50592],[-74.56091,8.50823],[-74.55633,8.50856],[-74.55453,8.50279],[-74.54604,8.49557],[-74.53541,8.48064],[-74.53271,8.45656],[-74.53355,8.45228],[-74.53752,8.44663],[-74.53902,8.42802],[-74.53041,8.42552],[-74.52585,8.42061],[-74.52317,8.42185],[-74.52922,8.41552],[-74.52391,8.41203],[-74.52443,8.40895],[-74.5206,8.40535],[-74.52523,8.40604],[-74.52254,8.40238],[-74.52408,8.39581],[-74.52568,8.3993],[-74.52865,8.39918],[-74.52774,8.39524],[-74.53054,8.39747],[-74.53385,8.39045],[-74.53591,8.39033],[-74.53425,8.38953],[-74.53054,8.39147],[-74.53385,8.38862],[-74.5298,8.38571],[-74.53345,8.37903],[-74.52774,8.38028],[-74.525,8.3768],[-74.52654,8.37377],[-74.52254,8.36915],[-74.51946,8.36875],[-74.51809,8.36694],[-74.51919,8.37031],[-74.5162,8.36884],[-74.51582,8.37602],[-74.51744,8.3768],[-74.51589,8.37877],[-74.51756,8.37922],[-74.51362,8.39077],[-74.51625,8.39623],[-74.51308,8.40236],[-74.51218,8.40944],[-74.50911,8.40698],[-74.50335,8.40907],[-74.49722,8.40661],[-74.49424,8.40862],[-74.48972,8.40744],[-74.48957,8.41085],[-74.48786,8.41115],[-74.48258,8.40637],[-74.47702,8.40464],[-74.46599,8.41103],[-74.45919,8.40735],[-74.4566,8.40799],[-74.45435,8.41279],[-74.4543,8.41803],[-74.44978,8.42199],[-74.44927,8.42797],[-74.44641,8.43028],[-74.44316,8.42961],[-74.44478,8.432],[-74.44361,8.43515],[-74.42858,8.43904],[-74.42413,8.45024],[-74.42095,8.45177],[-74.41667,8.45808],[-74.41716,8.46052],[-74.41361,8.46767],[-74.41054,8.46974],[-74.40212,8.46666],[-74.39828,8.46919],[-74.39758,8.46655],[-74.39981,8.46439],[-74.39575,8.46137],[-74.39243,8.4629],[-74.39137,8.4593],[-74.38844,8.46094],[-74.38593,8.45887],[-74.38394,8.46051],[-74.38143,8.45897],[-74.37613,8.46702],[-74.37808,8.47463],[-74.37573,8.4783],[-74.3721,8.4803],[-74.36316,8.48158],[-74.36213,8.48677],[-74.35568,8.48912],[-74.35246,8.49246],[-74.35608,8.49284],[-74.35982,8.49562],[-74.36846,8.49599],[-74.37295,8.4994],[-74.38542,8.50162],[-74.3904,8.51048],[-74.39959,8.5183],[-74.39419,8.51735],[-74.39056,8.51983],[-74.39049,8.5214],[-74.39322,8.52293],[-74.39128,8.52396],[-74.39301,8.52578],[-74.39136,8.52747],[-74.37749,8.5321],[-74.37426,8.5272],[-74.36954,8.5269],[-74.36705,8.52505],[-74.36726,8.52848],[-74.36498,8.53285],[-74.35704,8.53511],[-74.35526,8.53832],[-74.3518,8.53824],[-74.3486,8.53605],[-74.34591,8.53771],[-74.34846,8.54475],[-74.34465,8.54977],[-74.34236,8.54997],[-74.34271,8.55423],[-74.34112,8.55636],[-74.3475,8.56551],[-74.34635,8.57384],[-74.34753,8.57999],[-74.34475,8.58372],[-74.33956,8.58518],[-74.33178,8.59367],[-74.3287,8.59478],[-74.32225,8.60649],[-74.33209,8.61067],[-74.34412,8.62071],[-74.35224,8.62248],[-74.35887,8.62064],[-74.36202,8.62581],[-74.36519,8.62767],[-74.3651,8.63147],[-74.36283,8.63387],[-74.36339,8.63761],[-74.36884,8.64152],[-74.37559,8.6634],[-74.37418,8.67262],[-74.37711,8.67339],[-74.37521,8.67837],[-74.37707,8.68133],[-74.37628,8.688],[-74.36957,8.69321],[-74.37422,8.70037],[-74.3822,8.70475],[-74.38908,8.71581],[-74.38638,8.72509],[-74.38205,8.72767],[-74.37238,8.73781],[-74.37303,8.7458],[-74.37469,8.74849],[-74.37756,8.74546],[-74.38866,8.75073],[-74.38988,8.75392],[-74.38783,8.75945],[-74.39183,8.76457],[-74.40006,8.76307],[-74.40165,8.76512],[-74.40132,8.76936],[-74.41067,8.7685],[-74.41468,8.77203],[-74.42089,8.7737],[-74.42037,8.77963],[-74.41654,8.78371],[-74.41767,8.78847],[-74.48381,8.78932],[-74.47664,8.79902],[-74.45656,8.80502],[-74.4545,8.80793],[-74.45376,8.81319],[-74.46272,8.82134],[-74.46918,8.824],[-74.47388,8.81962],[-74.47615,8.81932],[-74.48124,8.82277],[-74.4823,8.82589],[-74.51944,8.83004],[-74.5235,8.83169],[-74.52538,8.83496],[-74.53124,8.83446],[-74.53501,8.83829]]]},"properties":{"MPIO_CCDGO":"006","MPIO_CNMBRE":"ACHÍ","DPTO_CCDGO":"13"}},{"type":"Feature","geometry":{"type":"Polygon","coordinates":[[[-74.11303,8.83824],[-74.11591,8.83913],[-74.1181,8.83499],[-74.12501,8.83225],[-74.12899,8.82764],[-74.13933,8.82454],[-74.16238,8.83401],[-74.17194,8.83142],[-74.17903,8.82698],[-74.19217,8.82469],[-74.19537,8.8215],[-74.19868,8.81417],[-74.21387,8.8151],[-74.22594,8.80236],[-74.23735,8.7984],[-74.269,8.80624],[-74.27885,8.81045],[-74.29262,8.80753],[-74.2982,8.81205],[-74.301,8.81719],[-74.31653,8.81436],[-74.31896,8.81165],[-74.31451,8.80493],[-74.31899,8.80341],[-74.31949,8.80179],[-74.31223,8.79383],[-74.31002,8.78868],[-74.30483,8.78773],[-74.29849,8.78103],[-74.29331,8.78081],[-74.28952,8.77672],[-74.29395,8.77134],[-74.29141,8.76386],[-74.28908,8.76186],[-74.29188,8.75647],[-74.29098,8.7532],[-74.29388,8.74154],[-74.2901,8.73514],[-74.29005,8.73055],[-74.29257,8.7261],[-74.28729,8.72235],[-74.28405,8.72614],[-74.28299,8.72185],[-74.27911,8.72478],[-74.2749,8.71889],[-74.27557,8.71722],[-74.28196,8.71458],[-74.28257,8.70873],[-74.28733,8.70372],[-74.28001,8.70566],[-74.27403,8.702],[-74.27479,8.69879],[-74.27347,8.69723],[-74.26755,8.7002],[-74.26408,8.69897],[-74.25981,8.68776],[-74.25541,8.68471],[-74.25268,8.68578],[-74.2515,8.68305],[-74.2116,8.6499],[-74.20614,8.65018],[-74.2049,8.65343],[-74.20074,8.65587],[-74.19346,8.65537],[-74.18716,8.6585],[-74.18425,8.65665],[-74.17723,8.65628],[-74.16807,8.6601],[-74.16565,8.67243],[-74.16357,8.67566],[-74.16433,8.68303],[-74.16258,8.6864],[-74.16416,8.68819],[-74.16718,8.68868],[-74.19,8.6813],[-74.19212,8.6785],[-74.19256,8.68149],[-74.2066,8.68575],[-74.21328,8.68521],[-74.21076,8.69071],[-74.2118,8.69405],[-74.20762,8.69352],[-74.20499,8.69779],[-74.20479,8.70428],[-74.20242,8.70533],[-74.20463,8.70835],[-74.19913,8.71187],[-74.19836,8.7102],[-74.19401,8.71121],[-74.19317,8.70962],[-74.191,8.71157],[-74.1741,8.71052],[-74.17378,8.71375],[-74.15518,8.71286],[-74.15589,8.70727],[-74.15347,8.70687],[-74.14339,8.7099],[-74.13956,8.71258],[-74.13399,8.72104],[-74.13033,8.72218],[-74.12976,8.72487],[-74.11863,8.72833],[-74.11498,8.73577],[-74.11443,8.73981],[-74.11635,8.74268],[-74.11087,8.75215],[-74.0983,8.7611],[-74.08848,8.7726],[-74.08138,8.77352],[-74.07997,8.77505],[-74.07952,8.77809],[-74.08282,8.7816],[-74.08313,8.78519],[-74.07892,8.78959],[-74.07678,8.79768],[-74.07095,8.80634],[-74.07294,8.81216],[-74.07822,8.8164],[-74.07307,8.82129],[-74.0831,8.8228],[-74.09614,8.81892],[-74.10384,8.82353],[-74.10738,8.82939],[-74.10773,8.83561],[-74.11303,8.83824]]]},"properties":{"MPIO_CCDGO":"030","MPIO_CNMBRE":"ALTOS DEL ROSARIO","DPTO_CCDGO":"13"}},{"type":"Feature","geometry":{"type":"Polygon","coordinates":[[[-73.88046,8.47169],[-73.88949,8.47094],[-73.89614,8.47495],[-73.89945,8.47413],[-73.90499,8.4761],[-73.91431,8.4766],[-73.93111,8.48604],[-73.94234,8.48735],[-73.95113,8.48579],[-73.95464,8.48126],[-73.96294,8.4786],[-73.96486,8.47418],[-73.97405,8.47317],[-73.97544,8.47422],[-73.98336,8.46429],[-73.99392,8.46262],[-73.99515,8.45823],[-73.99935,8.45634],[-74.00021,8.45391],[-74.00297,8.45413],[-74.0037,8.44982],[-74.00604,8.4492],[-74.00683,8.4474],[-74.00408,8.44468],[-74.00419,8.44127],[-74.00667,8.44074],[-74.00942,8.43576],[-74.0175,8.43993],[-74.018,8.4377],[-74.01659,8.43633],[-74.02028,8.43771],[-74.02179,8.43571],[-74.02412,8.43682],[-74.02566,8.43541],[-74.03325,8.43584],[-74.0349,8.43284],[-74.04031,8.43302],[-74.04325,8.43603],[-74.0436,8.42966],[-74.04738,8.42873],[-74.05049,8.43104],[-74.05579,8.42956],[-74.0589,8.42127],[-74.05764,8.41464],[-74.06155,8.41345],[-74.06134,8.41222],[-74.06395,8.4132],[-74.0676,8.41101],[-74.06844,8.41279],[-74.07402,8.4113],[-74.07765,8.41294],[-74.07718,8.41035],[-74.08014,8.40942],[-74.08378,8.40399],[-74.08739,8.40213],[-74.08803,8.39899],[-74.09403,8.39222],[-74.09647,8.39168],[-74.09732,8.39395],[-74.10311,8.39269],[-74.10778,8.39383],[-74.11648,8.40327],[-74.12146,8.39968],[-74.1224,8.39594],[-74.12737,8.39815],[-74.13155,8.39731],[-74.13577,8.3916],[-74.13603,8.38782],[-74.14088,8.38462],[-74.14856,8.38236],[-74.1568,8.37032],[-74.15997,8.36842],[-74.17034,8.37048],[-74.17707,8.35991],[-74.17643,8.34874],[-74.19201,8.34266],[-74.19985,8.34255],[-74.20578,8.33548],[-74.23095,8.3286],[-74.23234,8.32444],[-74.23102,8.31856],[-74.24243,8.31023],[-74.24304,8.30402],[-74.25691,8.28317],[-74.27155,8.27928],[-74.28383,8.2724],[-74.2851,8.26768],[-74.29287,8.26099],[-74.29283,8.25499],[-74.29473,8.25175],[-74.30192,8.24702],[-74.31139,8.24606],[-74.31542,8.24339],[-74.31894,8.2366],[-74.32242,8.23457],[-74.32393,8.22607],[-74.32227,8.22198],[-74.32263,8.21628],[-74.32719,8.21062],[-74.33215,8.20843],[-74.33346,8.20504],[-74.33362,8.19167],[-74.32981,8.18546],[-74.32834,8.17834],[-74.32159,8.17065],[-74.31776,8.16903],[-74.31282,8.16175],[-74.30644,8.1593],[-74.29819,8.16099],[-74.29402,8.15977],[-74.29282,8.15617],[-74.28498,8.15458],[-74.27906,8.15944],[-74.27579,8.15842],[-74.27407,8.1595],[-74.27191,8.15695],[-74.26968,8.15887],[-74.26411,8.1597],[-74.26604,8.16923],[-74.26116,8.17441],[-74.26252,8.17597],[-74.2616,8.17861],[-74.25656,8.18515],[-74.24536,8.19306],[-74.2391,8.20144],[-74.24321,8.20812],[-74.24285,8.21107],[-74.23488,8.21523],[-74.23332,8.21855],[-74.22623,8.21963],[-74.22407,8.22339],[-74.22185,8.2232],[-74.21897,8.2259],[-74.21759,8.2296],[-74.21428,8.2302],[-74.21219,8.23414],[-74.21276,8.23646],[-74.21976,8.2399],[-74.21457,8.24836],[-74.20587,8.25159],[-74.20509,8.2555],[-74.2005,8.25798],[-74.20157,8.26024],[-74.19835,8.26494],[-74.19131,8.26767],[-74.18408,8.26464],[-74.17987,8.2655],[-74.17897,8.26806],[-74.17643,8.26858],[-74.1752,8.27694],[-74.16823,8.2811],[-74.16423,8.28794],[-74.16468,8.29022],[-74.16201,8.29557],[-74.16372,8.30433],[-74.16076,8.3087],[-74.15586,8.30797],[-74.15236,8.30941],[-74.14164,8.30583],[-74.13923,8.31264],[-74.14001,8.31513],[-74.13752,8.3185],[-74.13331,8.31867],[-74.1243,8.32475],[-74.12021,8.32169],[-74.11632,8.32257],[-74.11494,8.31962],[-74.11305,8.3217],[-74.11158,8.32111],[-74.11199,8.32512],[-74.10576,8.32971],[-74.10593,8.33295],[-74.09798,8.33213],[-74.0964,8.33066],[-74.09269,8.33154],[-74.08949,8.33847],[-74.08388,8.3391],[-74.07236,8.34438],[-74.06943,8.34393],[-74.06486,8.34761],[-74.06384,8.35179],[-74.05983,8.3521],[-74.0568,8.35933],[-74.05033,8.36292],[-74.04425,8.36237],[-74.03865,8.36532],[-74.02775,8.36285],[-74.02192,8.36873],[-74.01882,8.37824],[-74.01303,8.37799],[-74.00757,8.37545],[-73.99185,8.38333],[-73.98494,8.38093],[-73.98163,8.38214],[-73.97819,8.38014],[-73.97307,8.38201],[-73.9697,8.38548],[-73.95791,8.3872],[-73.9544,8.38507],[-73.95375,8.38107],[-73.95089,8.38252],[-73.94876,8.37921],[-73.94679,8.37987],[-73.94212,8.37717],[-73.93834,8.3799],[-73.93711,8.38334],[-73.93146,8.37616],[-73.93411,8.37341],[-73.92955,8.37244],[-73.92774,8.37399],[-73.92225,8.37131],[-73.91695,8.37535],[-73.91577,8.38288],[-73.8941,8.38291],[-73.90052,8.38691],[-73.89434,8.38527],[-73.89464,8.38694],[-73.89071,8.38951],[-73.89489,8.39095],[-73.8917,8.39167],[-73.89142,8.39648],[-73.88863,8.39605],[-73.88808,8.39779],[-73.88548,8.39609],[-73.87649,8.39699],[-73.87217,8.41033],[-73.87505,8.42714],[-73.87762,8.43268],[-73.88058,8.43452],[-73.88513,8.44696],[-73.88468,8.45134],[-73.88191,8.45578],[-73.88046,8.47169]]]},"properties":{"MPIO_CCDGO":"042","MPIO_CNMBRE":"ARENAL","DPTO_CCDGO":"13"}},{"type":"Feature","geometry":{"type":"Polygon","coordinates":[[[-75.30055,10.33871],[-75.30275,10.3369],[-75.30227,10.33347],[-75.30667,10.32138],[-75.31345,10.32337],[-75.31792,10.32846],[-75.32173,10.32715],[-75.32267,10.32828],[-75.32443,10.32455],[-75.32292,10.31931],[-75.32388,10.3169],[-75.33742,10.30535],[-75.34275,10.30692],[-75.34853,10.30454],[-75.35124,10.29992],[-75.35468,10.29958],[-75.35462,10.29548],[-75.3732,10.29784],[-75.37397,10.29412],[-75.38412,10.29159],[-75.38622,10.28685],[-75.38941,10.28444],[-75.38852,10.27859],[-75.38585,10.27714],[-75.38316,10.27075],[-75.38565,10.2677],[-75.38614,10.26168],[-75.38941,10.25757],[-75.39,10.25323],[-75.38576,10.24811],[-75.38834,10.24496],[-75.38591,10.24264],[-75.38728,10.24194],[-75.3863,10.23646],[-75.40009,10.22995],[-75.39919,10.2283],[-75.40111,10.22724],[-75.40221,10.22332],[-75.40081,10.22075],[-75.40271,10.21721],[-75.40737,10.21692],[-75.41011,10.21454],[-75.41489,10.21483],[-75.42726,10.20835],[-75.43971,10.20857],[-75.43789,10.19349],[-75.43492,10.18804],[-75.43675,10.17174],[-75.43904,10.17206],[-75.4415,10.16916],[-75.44086,10.1669],[-75.44243,10.16486],[-75.44629,10.16371],[-75.45083,10.15931],[-75.45594,10.15801],[-75.46418,10.15946],[-75.47506,10.15336],[-75.48456,10.15443],[-75.49618,10.14793],[-75.54482,10.04645],[-75.54259,10.03915],[-75.53349,10.03831],[-75.52968,10.03195],[-75.52056,10.02584],[-75.51057,10.02511],[-75.50172,10.03525],[-75.49172,10.03838],[-75.48375,10.03676],[-75.47612,10.04197],[-75.47029,10.04112],[-75.46453,10.03801],[-75.45506,10.03667],[-75.44885,10.03248],[-75.44754,10.03081],[-75.44806,10.02672],[-75.44472,10.02483],[-75.44345,10.0201],[-75.43674,10.01742],[-75.43274,10.02144],[-75.43599,10.02768],[-75.42758,10.02853],[-75.42161,10.02677],[-75.41455,10.03341],[-75.41301,10.03825],[-75.40645,10.04404],[-75.409,10.048],[-75.41156,10.04455],[-75.41353,10.04522],[-75.41287,10.0473],[-75.39867,10.06447],[-75.39176,10.06909],[-75.37777,10.07142],[-75.35969,10.09051],[-75.3519,10.09057],[-75.34971,10.08919],[-75.35051,10.08729],[-75.35263,10.08719],[-75.35115,10.08681],[-75.34644,10.0902],[-75.34288,10.09046],[-75.33302,10.08761],[-75.28451,10.09359],[-75.2732,10.08954],[-75.26873,10.09191],[-75.26471,10.09047],[-75.25953,10.08997],[-75.25586,10.09159],[-75.25119,10.09011],[-75.24722,10.09298],[-75.2456,10.09529],[-75.24312,10.13425],[-75.26452,10.13632],[-75.26432,10.14204],[-75.26741,10.15105],[-75.27701,10.15509],[-75.28029,10.16068],[-75.27748,10.16434],[-75.27614,10.17639],[-75.27314,10.18173],[-75.26905,10.18577],[-75.25642,10.19118],[-75.24827,10.21014],[-75.25601,10.22189],[-75.26379,10.22005],[-75.2675,10.22442],[-75.27152,10.22318],[-75.27501,10.22436],[-75.27668,10.2271],[-75.27627,10.23196],[-75.27972,10.23769],[-75.27823,10.24249],[-75.26683,10.24723],[-75.25446,10.25661],[-75.23549,10.27761],[-75.25228,10.28813],[-75.25819,10.29677],[-75.25205,10.30624],[-75.25789,10.31347],[-75.25769,10.31887],[-75.26186,10.3205],[-75.2622,10.3226],[-75.2726,10.32576],[-75.27325,10.3298],[-75.27598,10.32776],[-75.28761,10.32861],[-75.28947,10.33308],[-75.29277,10.33463],[-75.29577,10.33339],[-75.30055,10.33871]]]},"properties":{"MPIO_CCDGO":"052","MPIO_CNMBRE":"ARJONA","DPTO_CCDGO":"13"}},{"type":"Feature","geometry":{"type":"Polygon","coordinates":[[[-75.10957,10.17106],[-75.10954,10.1687],[-75.11232,10.1672],[-75.09754,10.16625],[-75.09058,10.16932],[-75.08829,10.16873],[-75.08351,10.16482],[-75.08319,10.15716],[-75.08147,10.15662],[-75.07743,10.16864],[-75.07361,10.16131],[-75.0714,10.16298],[-75.06225,10.16363],[-75.06354,10.16723],[-75.06087,10.17077],[-75.06288,10.17524],[-75.05811,10.18046],[-75.05992,10.18368],[-75.05917,10.18735],[-75.05578,10.18793],[-75.05444,10.19046],[-75.0473,10.18843],[-75.04179,10.1908],[-75.03943,10.19695],[-75.03207,10.20372],[-75.02469,10.20181],[-75.01949,10.20259],[-75.01345,10.19995],[-75.01006,10.20253],[-75.00429,10.20246],[-74.99107,10.20657],[-74.97082,10.20114],[-74.97098,10.20956],[-74.97006,10.20812],[-74.96826,10.20943],[-74.96617,10.20845],[-74.96424,10.21155],[-74.96278,10.21049],[-74.95763,10.21304],[-74.95549,10.22235],[-74.95807,10.22638],[-74.95895,10.24273],[-74.95487,10.24944],[-74.95813,10.24966],[-74.95882,10.25715],[-74.96587,10.26308],[-74.96728,10.26653],[-74.96524,10.26829],[-74.95696,10.26885],[-74.95619,10.27154],[-74.96144,10.28941],[-74.97195,10.29003],[-74.97943,10.29501],[-74.97988,10.30071],[-74.97509,10.30893],[-74.97534,10.31788],[-74.97792,10.32517],[-74.98047,10.32608],[-74.98125,10.32494],[-74.98187,10.32697],[-74.98663,10.33013],[-75.00074,10.32351],[-75.00416,10.31773],[-75.00884,10.3138],[-75.01666,10.31581],[-75.02478,10.31494],[-75.02554,10.30948],[-75.01566,10.30846],[-75.0242,10.2924],[-75.01704,10.28742],[-75.0262,10.28118],[-75.03198,10.27378],[-75.03677,10.27855],[-75.03774,10.27787],[-75.04218,10.2701],[-75.04421,10.27008],[-75.04805,10.26424],[-75.05099,10.26597],[-75.05474,10.26529],[-75.05859,10.26908],[-75.06739,10.26945],[-75.06415,10.27466],[-75.0705,10.27602],[-75.0704,10.27747],[-75.0729,10.27872],[-75.07694,10.27902],[-75.08691,10.27256],[-75.08711,10.26977],[-75.09082,10.26773],[-75.09181,10.26532],[-75.09062,10.25343],[-75.09635,10.25177],[-75.09859,10.2397],[-75.09077,10.23888],[-75.09247,10.23373],[-75.09023,10.2299],[-75.08677,10.22927],[-75.08072,10.23234],[-75.08001,10.22742],[-75.07807,10.22679],[-75.07924,10.22333],[-75.08448,10.22261],[-75.08772,10.21743],[-75.09448,10.21826],[-75.09556,10.21058],[-75.09256,10.20798],[-75.09182,10.20432],[-75.10414,10.19755],[-75.09622,10.18302],[-75.10071,10.17328],[-75.10958,10.1737],[-75.10957,10.17106]]]},"properties":{"MPIO_CCDGO":"062","MPIO_CNMBRE":"ARROYOHONDO","DPTO_CCDGO":"13"}},{"type":"Feature","geometry":{"type":"Polygon","coordinates":[[[-74.07182,8.94817],[-74.08043,8.9528],[-74.08941,8.95106],[-74.09855,8.95463],[-74.1077,8.95542],[-74.12049,8.94972],[-74.1294,8.94185],[-74.13456,8.94227],[-74.13917,8.94747],[-74.14474,8.94891],[-74.14885,8.94595],[-74.1519,8.94085],[-74.15602,8.93935],[-74.16381,8.94232],[-74.16946,8.94731],[-74.19436,8.95068],[-74.20136,8.94843],[-74.20792,8.93972],[-74.21115,8.94092],[-74.2157,8.94652],[-74.22546,8.94714],[-74.23308,8.93438],[-74.24367,8.93117],[-74.24496,8.92489],[-74.24112,8.91814],[-74.24341,8.91369],[-74.24377,8.90508],[-74.24898,8.90205],[-74.25024,8.88617],[-74.26522,8.8745],[-74.27204,8.86727],[-74.27485,8.86146],[-74.27937,8.86372],[-74.28765,8.86352],[-74.29622,8.8578],[-74.30313,8.85931],[-74.30838,8.86493],[-74.3101,8.87763],[-74.31622,8.87707],[-74.32237,8.8713],[-74.32801,8.86916],[-74.33121,8.87217],[-74.33548,8.87329],[-74.33724,8.87754],[-74.3396,8.87857],[-74.36053,8.87928],[-74.3602,8.87219],[-74.35901,8.87153],[-74.34556,8.87231],[-74.32276,8.85831],[-74.31673,8.84908],[-74.30719,8.82603],[-74.2982,8.81205],[-74.29098,8.80714],[-74.27885,8.81045],[-74.269,8.80624],[-74.23735,8.7984],[-74.22594,8.80236],[-74.21387,8.8151],[-74.19868,8.81417],[-74.19424,8.82312],[-74.19069,8.82528],[-74.17903,8.82698],[-74.1731,8.83094],[-74.16238,8.83401],[-74.13929,8.82454],[-74.12899,8.82764],[-74.12501,8.83225],[-74.1181,8.83499],[-74.11533,8.83934],[-74.10773,8.83561],[-74.10587,8.82627],[-74.09614,8.81892],[-74.0831,8.8228],[-74.07307,8.82129],[-74.07822,8.8164],[-74.07294,8.81216],[-74.07095,8.80634],[-74.07678,8.79768],[-74.07892,8.78959],[-74.08313,8.78519],[-74.08282,8.7816],[-74.07952,8.77809],[-74.07997,8.77505],[-74.08138,8.77352],[-74.08848,8.7726],[-74.0983,8.7611],[-74.11087,8.75215],[-74.11635,8.74268],[-74.11443,8.73981],[-74.11498,8.73577],[-74.11863,8.72833],[-74.12976,8.72487],[-74.13033,8.72218],[-74.13399,8.72104],[-74.1402,8.71194],[-74.15347,8.70687],[-74.15589,8.70727],[-74.15518,8.71286],[-74.17338,8.71375],[-74.1741,8.71052],[-74.191,8.71157],[-74.19365,8.70962],[-74.19401,8.71121],[-74.19836,8.7102],[-74.19913,8.71187],[-74.20447,8.70865],[-74.20242,8.70533],[-74.20479,8.70428],[-74.20511,8.69742],[-74.2077,8.69346],[-74.21154,8.69446],[-74.21076,8.69071],[-74.21328,8.68521],[-74.2066,8.68575],[-74.19256,8.68149],[-74.19212,8.6785],[-74.19,8.6813],[-74.16718,8.68868],[-74.16261,8.68663],[-74.16433,8.68303],[-74.16358,8.67556],[-74.16565,8.67243],[-74.16733,8.66144],[-74.17123,8.65786],[-74.17723,8.65628],[-74.17444,8.65748],[-74.17165,8.65567],[-74.164,8.65803],[-74.16188,8.65727],[-74.16073,8.65386],[-74.13796,8.65455],[-74.13954,8.65596],[-74.1358,8.65995],[-74.13248,8.661],[-74.13216,8.66368],[-74.12982,8.66443],[-74.12981,8.66583],[-74.12786,8.66708],[-74.1251,8.66615],[-74.11744,8.67426],[-74.1162,8.6733],[-74.11274,8.67489],[-74.10695,8.68195],[-74.10213,8.68212],[-74.09542,8.68828],[-74.0918,8.70165],[-74.08859,8.70159],[-74.08454,8.7053],[-74.08304,8.70942],[-74.07628,8.71266],[-74.06931,8.72288],[-74.06591,8.72441],[-74.06443,8.72261],[-74.06051,8.72366],[-74.05622,8.73093],[-74.05103,8.7355],[-74.0517,8.74181],[-74.05866,8.74787],[-74.06006,8.75406],[-74.057,8.75735],[-74.04965,8.75988],[-74.04969,8.76797],[-74.054,8.76923],[-74.05412,8.77153],[-74.04683,8.7817],[-74.04173,8.78429],[-74.03696,8.79541],[-74.04508,8.81088],[-74.07263,8.83203],[-74.0708,8.83765],[-74.07535,8.85709],[-74.0771,8.85849],[-74.07566,8.86437],[-74.07718,8.86839],[-74.07075,8.87796],[-74.0706,8.88452],[-74.07751,8.89225],[-74.07182,8.94817]]]},"properties":{"MPIO_CCDGO":"074","MPIO_CNMBRE":"BARRANCO DE LOBA","DPTO_CCDGO":"13"}},{"type":"Feature","geometry":{"type":"Polygon","coordinates":[[[-75.01306,10.36227],[-75.02408,10.36368],[-75.02573,10.35797],[-75.03054,10.35659],[-75.03535,10.35288],[-75.03828,10.35452],[-75.04249,10.34655],[-75.04641,10.34411],[-75.06043,10.34384],[-75.06727,10.34545],[-75.06993,10.3443],[-75.06738,10.33242],[-75.06218,10.32473],[-75.0685,10.3271],[-75.0676,10.31932],[-75.07539,10.30735],[-75.08117,10.30764],[-75.08672,10.30551],[-75.08919,10.28009],[-75.08101,10.28216],[-75.06165,10.29569],[-75.06379,10.29173],[-75.06273,10.28222],[-75.0666,10.27555],[-75.06415,10.27466],[-75.06739,10.26945],[-75.05859,10.26908],[-75.05474,10.26529],[-75.05099,10.26597],[-75.04805,10.26424],[-75.04421,10.27008],[-75.04218,10.2701],[-75.03774,10.27787],[-75.03677,10.27855],[-75.03198,10.27378],[-75.0262,10.28118],[-75.01704,10.28742],[-75.0242,10.2924],[-75.01566,10.30846],[-75.02554,10.30948],[-75.02481,10.31491],[-75.01666,10.31581],[-75.00884,10.3138],[-75.00416,10.31773],[-75.00074,10.32351],[-74.98663,10.33013],[-74.98187,10.32697],[-74.98125,10.32494],[-74.98047,10.32608],[-74.97792,10.32517],[-74.97534,10.31788],[-74.97529,10.30782],[-74.97988,10.30071],[-74.97943,10.29501],[-74.97195,10.29003],[-74.96144,10.28941],[-74.95619,10.27154],[-74.95696,10.26885],[-74.96524,10.26829],[-74.96728,10.26653],[-74.96587,10.26308],[-74.95882,10.25715],[-74.95813,10.24966],[-74.95487,10.24944],[-74.95895,10.24273],[-74.95807,10.22638],[-74.95549,10.22235],[-74.95765,10.21655],[-74.95705,10.21385],[-74.95954,10.21135],[-74.96278,10.21049],[-74.96424,10.21155],[-74.96617,10.20845],[-74.96826,10.20943],[-74.97006,10.20812],[-74.97098,10.20956],[-74.97082,10.20114],[-74.99107,10.20657],[-75.00429,10.20246],[-75.01006,10.20253],[-75.01345,10.19995],[-75.01949,10.20259],[-75.02469,10.20181],[-75.03207,10.20372],[-75.03943,10.19695],[-75.04179,10.1908],[-75.0473,10.18843],[-75.05444,10.19046],[-75.05578,10.18793],[-75.05917,10.18735],[-75.05992,10.18368],[-75.05811,10.18046],[-75.06288,10.17524],[-75.06087,10.17077],[-75.06354,10.16723],[-75.06225,10.16363],[-75.0714,10.16298],[-75.07297,10.16125],[-75.07204,10.15675],[-75.07014,10.156],[-75.07601,10.15288],[-75.07752,10.14827],[-75.07916,10.14835],[-75.07924,10.14462],[-75.08211,10.143],[-75.08247,10.14133],[-75.08016,10.14006],[-75.08311,10.13737],[-75.08317,10.13232],[-75.0871,10.12833],[-75.08823,10.12151],[-75.07679,10.11368],[-75.07463,10.11492],[-75.07051,10.11358],[-75.06668,10.11723],[-75.05375,10.12159],[-75.0418,10.12015],[-75.03932,10.11541],[-75.03459,10.11255],[-75.03123,10.10716],[-75.02884,10.11137],[-75.02598,10.10918],[-75.02247,10.11146],[-75.01915,10.11149],[-75.0148,10.11005],[-75.01212,10.10626],[-75.00925,10.10745],[-75.00922,10.10485],[-75.00649,10.10561],[-75.0015,10.1039],[-75.00072,10.10602],[-74.99551,10.10469],[-74.99168,10.10852],[-74.98632,10.10957],[-74.98344,10.11166],[-74.98283,10.11408],[-74.97535,10.11468],[-74.97235,10.11312],[-74.96608,10.1209],[-74.94978,10.12506],[-74.94543,10.12856],[-74.94601,10.14498],[-74.93161,10.18042],[-74.93184,10.19799],[-74.92833,10.2155],[-74.92516,10.22413],[-74.91644,10.23309],[-74.91748,10.23366],[-74.91075,10.25445],[-74.96462,10.3258],[-75.00317,10.35941],[-75.01306,10.36227]]]},"properties":{"MPIO_CCDGO":"140","MPIO_CNMBRE":"CALAMAR","DPTO_CCDGO":"13"}},{"type":"Feature","geometry":{"type":"Polygon","coordinates":[[[-73.89542,7.43007],[-73.95133,7.43054],[-73.96164,7.42052],[-73.96445,7.41509],[-73.97345,7.41512],[-73.97583,7.41319],[-73.97965,7.40585],[-73.97807,7.39918],[-73.98649,7.39912],[-73.9957,7.39014],[-73.99746,7.39167],[-74.00201,7.39168],[-74.00434,7.3882],[-74.00745,7.38852],[-74.00838,7.38419],[-74.01334,7.38185],[-74.01332,7.38016],[-74.01689,7.37766],[-74.01885,7.37876],[-74.01904,7.38102],[-74.023,7.37709],[-74.0296,7.37617],[-74.03176,7.37224],[-74.03403,7.37255],[-74.03549,7.37041],[-74.03683,7.37483],[-74.04212,7.37618],[-74.04325,7.37191],[-74.04505,7.37121],[-74.0505,7.38159],[-74.05473,7.38083],[-74.05628,7.38265],[-74.05595,7.38129],[-74.05937,7.38049],[-74.065,7.38284],[-74.07175,7.38152],[-74.08239,7.38502],[-74.08806,7.38474],[-74.09587,7.37225],[-74.09843,7.37168],[-74.09708,7.36808],[-74.10052,7.36328],[-74.1086,7.36369],[-74.10799,7.36119],[-74.10946,7.35869],[-74.11247,7.35754],[-74.11419,7.35362],[-74.11551,7.35392],[-74.11639,7.34949],[-74.12131,7.3478],[-74.12267,7.34153],[-74.12691,7.3431],[-74.13522,7.33776],[-74.1383,7.32514],[-74.14846,7.32446],[-74.14413,7.31528],[-74.13024,7.31684],[-74.12839,7.31034],[-74.12491,7.30575],[-74.12639,7.30088],[-74.12384,7.30088],[-74.12276,7.29928],[-74.12493,7.29082],[-74.13261,7.29061],[-74.13468,7.28803],[-74.1359,7.29176],[-74.13463,7.29368],[-74.13913,7.29372],[-74.14226,7.28695],[-74.14509,7.2862],[-74.14831,7.28754],[-74.14925,7.28962],[-74.15313,7.28926],[-74.15476,7.29075],[-74.1572,7.28869],[-74.16497,7.29194],[-74.17547,7.29108],[-74.18276,7.28641],[-74.18277,7.28391],[-74.19253,7.2804],[-74.1943,7.2762],[-74.19786,7.27547],[-74.19724,7.27652],[-74.19899,7.27708],[-74.20555,7.27405],[-74.20767,7.27551],[-74.21134,7.27409],[-74.2141,7.26751],[-74.21977,7.26302],[-74.22506,7.26336],[-74.22979,7.2612],[-74.24409,7.26198],[-74.25627,7.24821],[-74.25884,7.2475],[-74.26198,7.25125],[-74.26753,7.24929],[-74.27527,7.25161],[-74.27807,7.2482],[-74.28259,7.24768],[-74.28412,7.24335],[-74.28574,7.24409],[-74.29124,7.24154],[-74.28739,7.23836],[-74.29069,7.23015],[-74.28939,7.2301],[-74.28916,7.2275],[-74.28747,7.22805],[-74.2899,7.22219],[-74.2881,7.22106],[-74.2886,7.21789],[-74.28524,7.21307],[-74.28879,7.20954],[-74.28818,7.20498],[-74.2806,7.18835],[-74.275,7.18495],[-74.2743,7.18186],[-74.25029,7.17606],[-74.25003,7.17393],[-74.24755,7.17239],[-74.24368,7.17284],[-74.24115,7.17043],[-74.2396,7.16356],[-74.23635,7.16065],[-74.23235,7.16124],[-74.22981,7.15559],[-74.2253,7.1543],[-74.23696,7.14171],[-74.23682,7.1372],[-74.23877,7.13498],[-74.23818,7.1311],[-74.23556,7.12933],[-74.23604,7.12176],[-74.23236,7.11747],[-74.22744,7.11609],[-74.22579,7.11741],[-74.22571,7.11268],[-74.22269,7.10619],[-74.2238,7.10266],[-74.22978,7.09909],[-74.23463,7.09945],[-74.23637,7.09214],[-74.23807,7.09251],[-74.2404,7.08852],[-74.23966,7.08641],[-74.24574,7.08466],[-74.24664,7.08683],[-74.25307,7.07456],[-74.2619,7.06941],[-74.26324,7.06658],[-74.26202,7.06593],[-74.26536,7.0642],[-74.2648,7.06166],[-74.26809,7.05781],[-74.26835,7.05501],[-74.27891,7.03965],[-74.27619,7.0351],[-74.27785,7.03228],[-74.27809,7.02634],[-74.28262,7.02332],[-74.28622,7.02404],[-74.28856,7.02136],[-74.29276,7.02157],[-74.29444,7.01653],[-74.28478,7.01123],[-74.28392,7.00859],[-74.27721,7.0122],[-74.27327,7.01202],[-74.2714,7.01003],[-74.26037,7.00852],[-74.25833,7.00366],[-74.24577,7.00267],[-73.94112,7.27299],[-73.94367,7.26812],[-73.94267,7.26563],[-73.93975,7.27443],[-73.91585,7.29558],[-73.91444,7.29931],[-73.91369,7.31854],[-73.90396,7.35914],[-73.90404,7.36785],[-73.90752,7.38144],[-73.90088,7.38616],[-73.89938,7.39122],[-73.89879,7.40298],[-73.89597,7.40878],[-73.89542,7.43007]]]},"properties":{"MPIO_CCDGO":"160","MPIO_CNMBRE":"CANTAGALLO","DPTO_CCDGO":"13"}},{"type":"Feature","geometry":{"type":"Polygon","coordinates":[[[-74.65075,9.19206],[-74.6534,9.19633],[-74.65248,9.20074],[-74.65591,9.20469],[-74.65714,9.20352],[-74.65853,9.20473],[-74.65865,9.21068],[-74.65004,9.21945],[-74.64903,9.22655],[-74.64286,9.2299],[-74.64461,9.23766],[-74.63816,9.24329],[-74.63456,9.25081],[-74.63218,9.25077],[-74.63237,9.25293],[-74.63434,9.25356],[-74.63104,9.25963],[-74.6223,9.26072],[-74.61888,9.26281],[-74.62148,9.26998],[-74.62373,9.2698],[-74.62926,9.27598],[-74.62732,9.27726],[-74.62771,9.28317],[-74.62349,9.29183],[-74.65102,9.29293],[-74.65362,9.28806],[-74.65858,9.28605],[-74.65945,9.28406],[-74.669,9.28961],[-74.67303,9.28795],[-74.6777,9.30015],[-74.67812,9.30575],[-74.68594,9.2959],[-74.71195,9.28507],[-74.72304,9.27255],[-74.72419,9.27309],[-74.73355,9.26387],[-74.74062,9.24095],[-74.74216,9.22793],[-74.747,9.2232],[-74.75341,9.22158],[-74.75984,9.21655],[-74.76035,9.20929],[-74.75872,9.20559],[-74.75647,9.20445],[-74.73659,9.20217],[-74.73286,9.19983],[-74.7265,9.19182],[-74.72535,9.17863],[-74.72301,9.17684],[-74.72081,9.1781],[-74.71283,9.17467],[-74.70933,9.17584],[-74.70705,9.17335],[-74.7037,9.17562],[-74.69626,9.17429],[-74.69322,9.17619],[-74.69172,9.1724],[-74.68378,9.16847],[-74.67369,9.1718],[-74.66662,9.16808],[-74.66382,9.16822],[-74.65409,9.18943],[-74.65075,9.19206]]]},"properties":{"MPIO_CCDGO":"188","MPIO_CNMBRE":"CICUCO","DPTO_CCDGO":"13"}},{"type":"Feature","geometry":{"type":"Polygon","coordinates":[[[-74.96119,9.68082],[-74.97076,9.67955],[-74.9739,9.67705],[-74.98103,9.67727],[-74.97386,9.67014],[-74.96899,9.66197],[-74.96352,9.65826],[-74.97332,9.64919],[-74.97658,9.64259],[-74.97158,9.63593],[-74.96339,9.63425],[-74.96181,9.62842],[-74.95895,9.62671],[-74.95933,9.62548],[-74.96299,9.62177],[-74.96511,9.61579],[-74.97863,9.61111],[-74.98169,9.60188],[-74.983,9.58862],[-74.9854,9.58544],[-74.98937,9.58369],[-74.99211,9.57887],[-74.99166,9.57599],[-74.99463,9.57541],[-74.99768,9.57049],[-74.98922,9.55896],[-74.98997,9.55596],[-74.99624,9.5497],[-74.99427,9.54835],[-74.99592,9.54752],[-74.99585,9.54083],[-74.99821,9.54136],[-75.00527,9.53096],[-75.02061,9.52496],[-75.02119,9.51783],[-75.02682,9.51386],[-75.02684,9.51155],[-75.02897,9.50976],[-75.02745,9.50167],[-75.02846,9.5009],[-75.026,9.49496],[-75.02906,9.49165],[-75.03177,9.48251],[-75.03436,9.48135],[-75.03645,9.47621],[-75.03223,9.46657],[-75.02612,9.46391],[-75.0219,9.45942],[-75.01675,9.46226],[-75.01378,9.45664],[-75.00668,9.45165],[-74.9964,9.4466],[-74.99168,9.44782],[-74.98703,9.44661],[-74.98566,9.44426],[-74.98135,9.44549],[-74.97878,9.44453],[-74.9787,9.44272],[-74.96913,9.43507],[-74.95464,9.43391],[-74.94576,9.43707],[-74.93905,9.44674],[-74.93566,9.44817],[-74.93442,9.44684],[-74.92855,9.44719],[-74.92536,9.44402],[-74.9139,9.44042],[-74.90878,9.43269],[-74.90141,9.43358],[-74.89391,9.42933],[-74.89095,9.43108],[-74.89012,9.42818],[-74.88654,9.4257],[-74.88842,9.42296],[-74.89297,9.42055],[-74.89695,9.4209],[-74.91245,9.41581],[-74.9154,9.41335],[-74.9161,9.40701],[-74.92158,9.40078],[-74.92442,9.39162],[-74.92232,9.38848],[-74.91844,9.39133],[-74.91051,9.38927],[-74.90828,9.3903],[-74.90414,9.39701],[-74.9012,9.39735],[-74.89393,9.40313],[-74.88287,9.40675],[-74.87948,9.41028],[-74.87921,9.40193],[-74.8757,9.39943],[-74.87009,9.40302],[-74.85935,9.40417],[-74.8532,9.41244],[-74.8509,9.42028],[-74.84254,9.42391],[-74.8383,9.42908],[-74.83183,9.42699],[-74.80079,9.44209],[-74.80802,9.45187],[-74.80835,9.4619],[-74.80518,9.46704],[-74.7993,9.46982],[-74.78996,9.47858],[-74.77699,9.49603],[-74.77572,9.50159],[-74.7808,9.51473],[-74.78766,9.52646],[-74.79607,9.53619],[-74.80589,9.54377],[-74.80675,9.55073],[-74.80553,9.55366],[-74.79967,9.55683],[-74.7809,9.57363],[-74.77668,9.57956],[-74.77358,9.58727],[-74.7726,9.60955],[-74.7814,9.63681],[-74.79074,9.65264],[-74.85763,9.65311],[-74.86436,9.6516],[-74.87223,9.65976],[-74.88145,9.65973],[-74.88786,9.65694],[-74.89113,9.65716],[-74.89382,9.66271],[-74.89783,9.66599],[-74.91936,9.66426],[-74.92677,9.66735],[-74.9323,9.66527],[-74.94354,9.67058],[-74.94647,9.6736],[-74.95692,9.67653],[-74.96119,9.68082]]]},"properties":{"MPIO_CCDGO":"212","MPIO_CNMBRE":"CÓRDOBA","DPTO_CCDGO":"13"}},{"type":"Feature","geometry":{"type":"Polygon","coordinates":[[[-75.31877,10.60909],[-75.32264,10.61169],[-75.32556,10.61861],[-75.33467,10.60906],[-75.342,10.61424],[-75.34286,10.61043],[-75.34094,10.60836],[-75.33934,10.60876],[-75.3416,10.60676],[-75.34089,10.60467],[-75.34575,10.60186],[-75.34526,10.60001],[-75.34729,10.60158],[-75.34799,10.5994],[-75.34658,10.59869],[-75.34828,10.59882],[-75.34809,10.5964],[-75.35059,10.5949],[-75.3461,10.59104],[-75.34884,10.58862],[-75.34572,10.58464],[-75.34836,10.58504],[-75.34986,10.58347],[-75.35398,10.58452],[-75.35573,10.58209],[-75.36206,10.57988],[-75.36524,10.57118],[-75.36835,10.56928],[-75.36544,10.56652],[-75.36538,10.56108],[-75.37483,10.55301],[-75.38637,10.55141],[-75.38776,10.54776],[-75.38623,10.54555],[-75.3878,10.54571],[-75.38845,10.544],[-75.38016,10.54718],[-75.36934,10.54186],[-75.36575,10.54175],[-75.36613,10.53806],[-75.36395,10.538],[-75.36171,10.53549],[-75.35786,10.5369],[-75.3461,10.53332],[-75.3414,10.52237],[-75.33856,10.52095],[-75.33385,10.52384],[-75.32952,10.52276],[-75.32698,10.52515],[-75.32394,10.52549],[-75.3238,10.52207],[-75.32125,10.52195],[-75.31697,10.52502],[-75.31517,10.53514],[-75.31329,10.53692],[-75.31091,10.53153],[-75.31117,10.52761],[-75.31401,10.5265],[-75.31375,10.52357],[-75.30835,10.52181],[-75.30737,10.51976],[-75.30227,10.52027],[-75.29961,10.51851],[-75.29462,10.51834],[-75.29371,10.52005],[-75.29179,10.51903],[-75.28996,10.52294],[-75.28422,10.51782],[-75.27393,10.52419],[-75.27219,10.52769],[-75.26864,10.52343],[-75.25968,10.52039],[-75.26095,10.51127],[-75.24893,10.50823],[-75.24802,10.50492],[-75.2453,10.50607],[-75.24395,10.50789],[-75.24477,10.51166],[-75.24856,10.51447],[-75.25135,10.51394],[-75.25559,10.52484],[-75.25127,10.52882],[-75.25122,10.53169],[-75.25339,10.53234],[-75.25106,10.5338],[-75.24808,10.54024],[-75.24462,10.54164],[-75.24574,10.54273],[-75.24365,10.54246],[-75.24357,10.54686],[-75.23939,10.54946],[-75.23655,10.5562],[-75.24235,10.55954],[-75.24389,10.5541],[-75.2469,10.55729],[-75.25402,10.56069],[-75.25787,10.54731],[-75.26704,10.5523],[-75.27541,10.55922],[-75.28338,10.55922],[-75.28801,10.55448],[-75.29252,10.55526],[-75.29533,10.5629],[-75.29475,10.56791],[-75.29283,10.57043],[-75.29418,10.57621],[-75.29217,10.58154],[-75.29455,10.58534],[-75.29433,10.59013],[-75.29647,10.59317],[-75.3011,10.58838],[-75.30549,10.58862],[-75.31469,10.59811],[-75.31186,10.60184],[-75.3095,10.60127],[-75.31123,10.60396],[-75.31338,10.60671],[-75.31877,10.60909]]]},"properties":{"MPIO_CCDGO":"222","MPIO_CNMBRE":"CLEMENCIA","DPTO_CCDGO":"13"}},{"type":"Feature","geometry":{"type":"Polygon","coordinates":[[[-75.3143,9.87854],[-75.31695,9.879],[-75.32005,9.87714],[-75.32214,9.87386],[-75.32186,9.86761],[-75.33147,9.85747],[-75.33151,9.85258],[-75.33456,9.84758],[-75.3312,9.84403],[-75.33345,9.83796],[-75.33491,9.8384],[-75.33702,9.8346],[-75.34097,9.82198],[-75.34001,9.81789],[-75.3356,9.8119],[-75.3423,9.78992],[-75.34576,9.78444],[-75.34704,9.77337],[-75.34994,9.76485],[-75.35251,9.76252],[-75.35703,9.75161],[-75.35997,9.7375],[-75.36406,9.73832],[-75.36599,9.72653],[-75.37235,9.72764],[-75.37329,9.72198],[-75.37796,9.72036],[-75.37704,9.71572],[-75.37158,9.71491],[-75.37187,9.71134],[-75.37415,9.71157],[-75.37414,9.70847],[-75.377,9.70364],[-75.37134,9.69992],[-75.37012,9.69242],[-75.3716,9.68962],[-75.37532,9.6902],[-75.37614,9.68377],[-75.37884,9.68483],[-75.38075,9.68221],[-75.37805,9.68032],[-75.37995,9.67769],[-75.37887,9.67639],[-75.37143,9.67463],[-75.37541,9.66652],[-75.3749,9.65802],[-75.38108,9.65746],[-75.38351,9.65061],[-75.37443,9.64517],[-75.37695,9.64367],[-75.37416,9.63732],[-75.37386,9.63008],[-75.36891,9.63142],[-75.3678,9.62996],[-75.3645,9.63253],[-75.36255,9.63069],[-75.36419,9.63534],[-75.36071,9.63695],[-75.36384,9.64404],[-75.3629,9.64701],[-75.3589,9.6458],[-75.35625,9.64731],[-75.35473,9.64514],[-75.35058,9.6449],[-75.34729,9.64247],[-75.34403,9.64331],[-75.33619,9.63219],[-75.33097,9.63186],[-75.3316,9.62346],[-75.33433,9.61994],[-75.33211,9.61686],[-75.32708,9.61671],[-75.32396,9.62875],[-75.31529,9.64788],[-75.31473,9.65276],[-75.30072,9.65717],[-75.30057,9.66112],[-75.30205,9.66277],[-75.29979,9.66995],[-75.28121,9.6844],[-75.27646,9.68626],[-75.26935,9.68477],[-75.2672,9.68346],[-75.2714,9.67728],[-75.27056,9.67],[-75.26496,9.67118],[-75.26246,9.66565],[-75.26044,9.66572],[-75.2572,9.66172],[-75.25106,9.65893],[-75.24751,9.66086],[-75.24385,9.65871],[-75.23824,9.65465],[-75.23761,9.65167],[-75.23356,9.64979],[-75.23268,9.64667],[-75.23095,9.64703],[-75.2293,9.65123],[-75.21637,9.64998],[-75.21361,9.64774],[-75.21042,9.65207],[-75.20021,9.65203],[-75.19764,9.64536],[-75.18806,9.64493],[-75.18017,9.63896],[-75.17261,9.6417],[-75.16778,9.64631],[-75.16451,9.64647],[-75.1675,9.63934],[-75.17885,9.63137],[-75.18132,9.6277],[-75.18933,9.62927],[-75.18748,9.62332],[-75.18237,9.61713],[-75.18566,9.61071],[-75.18264,9.60365],[-75.18106,9.60191],[-75.1782,9.60251],[-75.16865,9.61291],[-75.16594,9.61326],[-75.16208,9.61091],[-75.16311,9.60631],[-75.15419,9.60044],[-75.14422,9.59973],[-75.13339,9.59643],[-75.1334,9.59032],[-75.13141,9.58608],[-75.13197,9.57999],[-75.12315,9.57724],[-75.12207,9.57358],[-75.11861,9.57406],[-75.11193,9.56732],[-75.10348,9.56584],[-75.10338,9.56255],[-75.10066,9.55899],[-75.09734,9.55588],[-75.09415,9.55562],[-75.0932,9.55185],[-75.08665,9.54797],[-75.08477,9.54526],[-75.08592,9.54133],[-75.085,9.53829],[-75.07785,9.53276],[-75.06944,9.53583],[-75.06383,9.53562],[-75.05639,9.53253],[-75.04232,9.54039],[-75.03989,9.54043],[-75.03444,9.53433],[-75.02716,9.53129],[-75.0265,9.52885],[-75.01481,9.53018],[-75.01239,9.52829],[-75.00527,9.53096],[-74.99821,9.54136],[-74.99585,9.54083],[-74.99592,9.54752],[-74.99427,9.54835],[-74.99609,9.55012],[-74.98997,9.55596],[-74.98922,9.55896],[-74.99768,9.57049],[-74.99463,9.57541],[-74.99166,9.57599],[-74.99211,9.57887],[-74.98937,9.58369],[-74.9854,9.58544],[-74.983,9.58862],[-74.98169,9.60188],[-74.97863,9.61111],[-74.96511,9.61579],[-74.96299,9.62177],[-74.95895,9.62671],[-74.96181,9.62842],[-74.96339,9.63425],[-74.97158,9.63593],[-74.97658,9.64259],[-74.97332,9.64919],[-74.96352,9.65826],[-74.96899,9.66197],[-74.97386,9.67014],[-74.98103,9.67727],[-74.9739,9.67705],[-74.97076,9.67955],[-74.96184,9.68001],[-74.95564,9.68992],[-74.95436,9.694],[-74.95538,9.69732],[-74.95306,9.7039],[-74.95467,9.70689],[-74.96176,9.71138],[-74.96633,9.72568],[-74.96337,9.72981],[-74.96482,9.73215],[-74.96206,9.7364],[-74.96438,9.73955],[-74.94929,9.74915],[-74.95276,9.7552],[-74.95844,9.75493],[-74.95156,9.76634],[-74.95768,9.76484],[-74.96625,9.7674],[-74.9735,9.76526],[-74.97685,9.76677],[-74.97956,9.76354],[-74.98302,9.76348],[-74.98753,9.75883],[-74.99181,9.75859],[-74.99669,9.7648],[-74.99812,9.77241],[-75.00426,9.77546],[-75.00366,9.7774],[-75.00928,9.77746],[-75.01214,9.78204],[-75.01601,9.78193],[-75.02077,9.78602],[-75.02467,9.78506],[-75.02514,9.78414],[-75.02271,9.78351],[-75.02529,9.78321],[-75.02549,9.78145],[-75.03104,9.78193],[-75.03729,9.77686],[-75.05081,9.78476],[-75.06033,9.77795],[-75.06364,9.77106],[-75.06708,9.77217],[-75.0733,9.77042],[-75.07725,9.77435],[-75.07818,9.76536],[-75.07453,9.76349],[-75.07473,9.76096],[-75.08058,9.7634],[-75.08717,9.76352],[-75.08864,9.76517],[-75.10179,9.7597],[-75.11047,9.7588],[-75.11656,9.76394],[-75.12432,9.76338],[-75.13156,9.76675],[-75.13271,9.76895],[-75.13897,9.76936],[-75.14682,9.77937],[-75.15913,9.78131],[-75.16688,9.78633],[-75.17267,9.78627],[-75.17725,9.77965],[-75.18153,9.77952],[-75.18394,9.77526],[-75.18631,9.77655],[-75.19007,9.78274],[-75.19495,9.78407],[-75.2022,9.78449],[-75.20549,9.78303],[-75.21038,9.78465],[-75.21889,9.78421],[-75.22044,9.78202],[-75.2255,9.78077],[-75.23203,9.78218],[-75.23752,9.78517],[-75.23096,9.78909],[-75.23182,9.79693],[-75.24019,9.80146],[-75.24164,9.80453],[-75.24447,9.80582],[-75.24221,9.81563],[-75.23932,9.82053],[-75.24014,9.82368],[-75.23729,9.83336],[-75.23345,9.83854],[-75.23601,9.84954],[-75.23577,9.85909],[-75.23753,9.86241],[-75.24007,9.86328],[-75.24342,9.86121],[-75.24508,9.86331],[-75.2438,9.86471],[-75.24702,9.8656],[-75.24516,9.86813],[-75.24769,9.86751],[-75.25256,9.86969],[-75.25313,9.86836],[-75.25402,9.86981],[-75.25552,9.86851],[-75.25548,9.87025],[-75.26168,9.8739],[-75.26348,9.87241],[-75.26243,9.86785],[-75.26431,9.86952],[-75.26796,9.86957],[-75.26757,9.86636],[-75.27023,9.86803],[-75.2709,9.86625],[-75.27562,9.86949],[-75.27756,9.86915],[-75.27803,9.87301],[-75.28126,9.87134],[-75.28373,9.87207],[-75.28519,9.87007],[-75.28885,9.87019],[-75.29462,9.87132],[-75.30389,9.87801],[-75.3143,9.87854]]]},"properties":{"MPIO_CCDGO":"244","MPIO_CNMBRE":"EL CARMEN DE BOLÍVAR","DPTO_CCDGO":"13"}},{"type":"Feature","geometry":{"type":"Polygon","coordinates":[[[-74.83974,10.07866],[-74.85949,10.09117],[-74.87888,10.09805],[-74.89259,10.10624],[-74.9197,10.10676],[-74.92678,10.10816],[-74.93683,10.11446],[-74.94543,10.12856],[-74.94978,10.12506],[-74.96608,10.1209],[-74.97235,10.11312],[-74.97535,10.11468],[-74.98283,10.11408],[-74.98344,10.11166],[-74.98632,10.10957],[-74.99168,10.10852],[-74.9962,10.10453],[-75.00051,10.10604],[-75.0015,10.1039],[-75.00649,10.10561],[-75.00915,10.10483],[-75.00925,10.10745],[-75.01212,10.10626],[-75.0148,10.11005],[-75.01677,10.10972],[-75.01753,10.11108],[-75.02247,10.11146],[-75.02598,10.10918],[-75.02874,10.1114],[-75.02819,10.10505],[-75.03226,10.10055],[-75.03612,10.10116],[-75.03736,10.09968],[-75.03744,10.09161],[-75.03936,10.0915],[-75.04642,10.08133],[-75.04922,10.06453],[-75.05645,10.05676],[-75.0577,10.04819],[-75.05498,10.04552],[-75.0609,10.03449],[-75.06006,10.02331],[-75.0542,10.02287],[-75.05242,10.01977],[-75.04816,10.01756],[-75.04224,10.01749],[-75.03484,10.02474],[-75.03256,10.02217],[-75.02893,10.01185],[-75.01758,10.01171],[-75.01579,10.00911],[-75.01396,10.01011],[-75.00979,10.0081],[-75.01086,10.00572],[-75.00976,10.00498],[-75.0121,10.00429],[-75.01144,10.00022],[-75.01358,9.99774],[-75.01841,9.98336],[-75.02619,9.97543],[-75.01775,9.96848],[-75.00768,9.96834],[-75.00416,9.97153],[-75.00342,9.97443],[-74.99983,9.97613],[-74.98313,9.96487],[-74.98115,9.96539],[-74.97783,9.9629],[-74.97132,9.95232],[-74.96872,9.95069],[-74.96212,9.95704],[-74.95976,9.95555],[-74.95332,9.95685],[-74.95082,9.95968],[-74.95132,9.96547],[-74.94766,9.96812],[-74.92188,9.96874],[-74.92022,9.96943],[-74.92144,9.97183],[-74.91907,9.9758],[-74.90985,9.97856],[-74.90257,9.97721],[-74.89373,9.97219],[-74.88907,9.97327],[-74.8815,9.96884],[-74.8819,9.96575],[-74.87791,9.95759],[-74.87549,9.95618],[-74.87186,9.94391],[-74.86482,9.94299],[-74.85016,9.95596],[-74.84431,9.95805],[-74.83797,9.95799],[-74.82039,9.96733],[-74.81228,9.97844],[-74.79928,9.98988],[-74.78769,10.00717],[-74.7883,10.01126],[-74.7938,10.02006],[-74.80198,10.02886],[-74.81668,10.04045],[-74.82041,10.04618],[-74.82627,10.06179],[-74.83974,10.07866]]]},"properties":{"MPIO_CCDGO":"248","MPIO_CNMBRE":"EL GUAMO","DPTO_CCDGO":"13"}},{"type":"Feature","geometry":{"type":"Polygon","coordinates":[[[-73.95879,8.85826],[-73.95058,8.84941],[-73.95592,8.84019],[-73.95606,8.82796],[-73.959,8.82717],[-73.96483,8.83245],[-73.96889,8.83197],[-73.96287,8.81959],[-73.96603,8.81245],[-73.95845,8.80476],[-73.9595,8.80033],[-73.9558,8.79569],[-73.95112,8.798],[-73.94414,8.78783],[-73.9443,8.78133],[-73.94132,8.77412],[-73.94176,8.7675],[-73.93875,8.76387],[-73.9383,8.74991],[-73.93376,8.75034],[-73.93017,8.74689],[-73.9326,8.73625],[-73.92716,8.73366],[-73.92126,8.72707],[-73.916,8.72754],[-73.90657,8.73187],[-73.90275,8.73099],[-73.89651,8.72606],[-73.89138,8.73712],[-73.89281,8.74493],[-73.89072,8.74516],[-73.88688,8.73666],[-73.87581,8.72336],[-73.87215,8.72399],[-73.86625,8.72885],[-73.86031,8.72801],[-73.85663,8.73],[-73.85941,8.73731],[-73.86594,8.74196],[-73.86857,8.74811],[-73.86714,8.75523],[-73.86303,8.75522],[-73.86276,8.75823],[-73.85964,8.75674],[-73.85765,8.76092],[-73.85945,8.76996],[-73.86377,8.77604],[-73.87216,8.77966],[-73.87067,8.78751],[-73.87308,8.79191],[-73.85597,8.80606],[-73.85196,8.81145],[-73.85263,8.81421],[-73.85132,8.81575],[-73.83859,8.82103],[-73.83228,8.82101],[-73.82621,8.82594],[-73.8235,8.8342],[-73.81835,8.8352],[-73.84929,8.86941],[-73.86003,8.87874],[-73.86656,8.88705],[-73.87021,8.89553],[-73.87336,8.91182],[-73.87176,8.91186],[-73.86974,8.9185],[-73.86563,8.94742],[-73.86679,8.95404],[-73.87081,8.96096],[-73.87819,8.96559],[-73.88339,8.96636],[-73.89377,8.97779],[-73.90019,8.98077],[-73.91402,8.97763],[-73.92076,8.97829],[-73.92753,8.98201],[-73.9394,8.98528],[-73.94893,8.99262],[-73.95488,8.99347],[-73.95767,8.99582],[-73.96257,8.99596],[-73.96709,8.99445],[-73.96923,8.99086],[-73.97605,8.98664],[-73.98069,8.97983],[-73.98283,8.96302],[-73.98634,8.95505],[-73.98278,8.95334],[-73.98166,8.95101],[-73.98735,8.94604],[-73.98884,8.93996],[-73.98799,8.93553],[-73.98377,8.92955],[-73.98368,8.92575],[-73.9773,8.93184],[-73.98035,8.9283],[-73.97981,8.92679],[-73.9742,8.92928],[-73.97143,8.92756],[-73.97452,8.91951],[-73.97164,8.91573],[-73.9745,8.91296],[-73.97494,8.91029],[-73.96994,8.90587],[-73.96944,8.90056],[-73.96619,8.89683],[-73.96908,8.8936],[-73.97539,8.89214],[-73.97419,8.88895],[-73.97838,8.88415],[-73.97662,8.87828],[-73.97808,8.87293],[-73.97102,8.86231],[-73.9692,8.86471],[-73.96702,8.86403],[-73.96558,8.85714],[-73.95879,8.85826]]]},"properties":{"MPIO_CCDGO":"268","MPIO_CNMBRE":"EL PEÑÓN","DPTO_CCDGO":"13"}},{"type":"Feature","geometry":{"type":"MultiPolygon","coordinates":[[[[-74.03085,9.02909],[-74.03454,9.03654],[-74.03459,9.04289],[-74.03667,9.04453],[-74.04315,9.04061],[-74.04723,9.02343],[-74.05659,9.01862],[-74.06581,9.02016],[-74.07432,9.02579],[-74.07751,9.02628],[-74.08288,9.02372],[-74.08804,9.01744],[-74.09211,9.01523],[-74.098,9.01582],[-74.10031,9.0187],[-74.10653,9.00302],[-74.10918,8.99118],[-74.10853,8.98617],[-74.11077,8.9877],[-74.11283,8.99364],[-74.11939,8.99571],[-74.12132,8.99965],[-74.12804,9.00358],[-74.13418,9.00215],[-74.13302,8.99568],[-74.14045,8.99267],[-74.14197,8.99043],[-74.14733,8.98945],[-74.14954,8.9909],[-74.15241,8.9904],[-74.15401,8.99262],[-74.15695,8.99076],[-74.16222,8.99344],[-74.16523,8.98976],[-74.17082,8.98826],[-74.17785,8.99278],[-74.18457,8.98702],[-74.19453,8.98699],[-74.19691,8.98445],[-74.1969,8.97829],[-74.20993,8.97214],[-74.21706,8.96196],[-74.22266,8.95749],[-74.22673,8.94794],[-74.2157,8.94652],[-74.21115,8.94092],[-74.20792,8.93972],[-74.20136,8.94843],[-74.19436,8.95068],[-74.16946,8.94731],[-74.16381,8.94232],[-74.15602,8.93935],[-74.1519,8.94085],[-74.14885,8.94595],[-74.14474,8.94891],[-74.13917,8.94747],[-74.13456,8.94227],[-74.1294,8.94185],[-74.12049,8.94972],[-74.1077,8.95542],[-74.09855,8.95463],[-74.08941,8.95106],[-74.08043,8.9528],[-74.07182,8.94817],[-74.04887,8.9528],[-74.02786,8.96027],[-74.02556,8.96006],[-74.01718,8.95311],[-74.0088,8.9534],[-74.00608,8.95867],[-74.00608,8.96854],[-74.00284,8.97416],[-73.99608,8.97826],[-73.98358,8.97994],[-73.97767,8.98393],[-73.9909,8.99626],[-74.00184,8.99546],[-74.00468,9.00144],[-74.00434,9.00696],[-74.00078,9.01062],[-73.99561,9.01101],[-73.98715,9.00782],[-73.98505,9.0082],[-73.98487,9.01022],[-73.99594,9.01794],[-73.99988,9.0223],[-74.0024,9.02867],[-74.00676,9.03183],[-74.01197,9.03127],[-74.02047,9.0249],[-74.02686,9.02612],[-74.03085,9.02909]]],[[[-74.37865,9.01532],[-74.38873,9.01779],[-74.41929,9.01831],[-74.43258,9.00927],[-74.4244,9.012],[-74.41772,9.00638],[-74.40156,9.00032],[-74.40167,8.99552],[-74.39753,8.99524],[-74.3965,8.99125],[-74.39297,8.98853],[-74.39321,8.98527],[-74.38124,8.9847],[-74.37913,8.96835],[-74.37323,8.9664],[-74.36358,8.97353],[-74.36049,8.97422],[-74.35447,8.97205],[-74.35089,8.97448],[-74.34645,8.97126],[-74.34146,8.97076],[-74.33595,8.97376],[-74.32985,8.9724],[-74.32508,8.97347],[-74.32174,8.97887],[-74.3194,8.97538],[-74.31527,8.97821],[-74.30943,8.97949],[-74.30814,8.97855],[-74.31088,8.97294],[-74.29325,8.96836],[-74.28263,8.96795],[-74.27764,8.97236],[-74.27389,8.98194],[-74.26381,8.9902],[-74.26376,8.99159],[-74.26552,8.99191],[-74.26942,8.98682],[-74.27254,8.9865],[-74.27312,8.98436],[-74.27946,8.98335],[-74.28843,8.98419],[-74.29478,8.98817],[-74.3012,8.98745],[-74.3055,8.9827],[-74.31969,8.98272],[-74.32686,8.98656],[-74.33148,8.98712],[-74.33471,8.99091],[-74.33624,8.99668],[-74.35132,9.00863],[-74.37865,9.01532]]]]},"properties":{"MPIO_CCDGO":"300","MPIO_CNMBRE":"HATILLO DE LOBA","DPTO_CCDGO":"13"}},{"type":"Feature","geometry":{"type":"Polygon","coordinates":[[[-74.73933,9.42698],[-74.73962,9.44082],[-74.74275,9.44717],[-74.75143,9.45765],[-74.75675,9.46163],[-74.76334,9.46375],[-74.77588,9.46328],[-74.79126,9.45215],[-74.80046,9.44223],[-74.83183,9.42699],[-74.838,9.42924],[-74.84254,9.42391],[-74.84999,9.42109],[-74.85352,9.41476],[-74.8532,9.41244],[-74.85935,9.40417],[-74.87009,9.40302],[-74.8757,9.39943],[-74.87921,9.40193],[-74.87948,9.41028],[-74.88287,9.40675],[-74.89393,9.40313],[-74.9012,9.39735],[-74.90414,9.39701],[-74.90828,9.3903],[-74.91235,9.38931],[-74.91844,9.39133],[-74.92135,9.3902],[-74.9253,9.38159],[-74.92952,9.37778],[-74.93019,9.37138],[-74.93278,9.36619],[-74.93629,9.36138],[-74.94015,9.35904],[-74.94207,9.35141],[-74.95046,9.3483],[-74.94938,9.34229],[-74.94442,9.33585],[-74.93287,9.3284],[-74.93398,9.31748],[-74.93846,9.31309],[-74.93728,9.30891],[-74.94258,9.30353],[-74.94213,9.29867],[-74.94451,9.2958],[-74.94112,9.29482],[-74.94104,9.2918],[-74.93124,9.29167],[-74.92958,9.28787],[-74.93018,9.28332],[-74.92572,9.27896],[-74.92651,9.27248],[-74.92403,9.26849],[-74.93058,9.26229],[-74.931,9.25484],[-74.92738,9.25044],[-74.91765,9.25009],[-74.91045,9.24493],[-74.90974,9.23906],[-74.90467,9.22961],[-74.90636,9.22794],[-74.90487,9.22518],[-74.9058,9.21553],[-74.90989,9.20975],[-74.90837,9.20074],[-74.90222,9.19323],[-74.90649,9.17595],[-74.90303,9.16348],[-74.89975,9.16369],[-74.89829,9.16101],[-74.89329,9.16246],[-74.89044,9.15787],[-74.88752,9.1607],[-74.8806,9.16027],[-74.87438,9.1574],[-74.87445,9.15527],[-74.87056,9.15143],[-74.86326,9.14848],[-74.86028,9.13687],[-74.85861,9.1366],[-74.8573,9.13254],[-74.85165,9.13032],[-74.84916,9.123],[-74.84652,9.12179],[-74.84488,9.11329],[-74.84594,9.11017],[-74.83832,9.10054],[-74.83879,9.09874],[-74.83705,9.09682],[-74.83907,9.09633],[-74.8385,9.09433],[-74.8291,9.08647],[-74.83195,9.07921],[-74.82836,9.0727],[-74.82821,9.06188],[-74.82376,9.05742],[-74.8169,9.05539],[-74.8117,9.04971],[-74.80793,9.05048],[-74.80015,9.04899],[-74.79843,9.05054],[-74.79141,9.04684],[-74.78564,9.04682],[-74.78448,9.03913],[-74.78185,9.03766],[-74.76917,9.03758],[-74.7553,9.04444],[-74.75049,9.04236],[-74.74554,9.03766],[-74.74725,9.03643],[-74.7457,9.03356],[-74.74767,9.03227],[-74.74813,9.02829],[-74.74278,9.0251],[-74.73686,9.01583],[-74.72632,9.01542],[-74.71642,9.01033],[-74.70494,9.00785],[-74.68383,9.01151],[-74.67869,9.00681],[-74.67017,9.00571],[-74.6691,9.0048],[-74.67004,8.99813],[-74.66646,8.99364],[-74.6605,8.98985],[-74.652,8.98877],[-74.63936,8.97746],[-74.63761,8.96884],[-74.63397,8.96517],[-74.63109,8.95426],[-74.62775,8.95027],[-74.62689,8.94508],[-74.62343,8.93901],[-74.62336,8.9305],[-74.60603,8.93101],[-74.60493,8.92883],[-74.60835,8.92496],[-74.60857,8.91947],[-74.59899,8.90334],[-74.59471,8.90099],[-74.59658,8.89344],[-74.59193,8.88702],[-74.59154,8.88094],[-74.58919,8.87734],[-74.58954,8.87182],[-74.58453,8.86903],[-74.58259,8.87293],[-74.57944,8.87277],[-74.58052,8.86208],[-74.57914,8.86053],[-74.58202,8.8475],[-74.58592,8.8433],[-74.58559,8.84068],[-74.56465,8.83696],[-74.53886,8.83737],[-74.53597,8.83861],[-74.53124,8.83446],[-74.52538,8.83496],[-74.5235,8.83169],[-74.51944,8.83004],[-74.4823,8.82589],[-74.48124,8.82277],[-74.47665,8.81948],[-74.47388,8.81962],[-74.46918,8.824],[-74.47319,8.82826],[-74.47396,8.83786],[-74.47092,8.83978],[-74.46202,8.83906],[-74.46027,8.84079],[-74.47648,8.86566],[-74.4742,8.87038],[-74.46462,8.87618],[-74.46419,8.88289],[-74.47518,8.88915],[-74.47642,8.90504],[-74.48555,8.92008],[-74.48832,8.92922],[-74.4933,8.93621],[-74.52005,8.95381],[-74.52644,8.96054],[-74.53023,8.96717],[-74.53119,8.98357],[-74.53488,8.99508],[-74.53984,8.99745],[-74.55435,8.99662],[-74.56825,8.99989],[-74.57868,8.99856],[-74.58831,9.00028],[-74.59463,9.00276],[-74.60617,9.02043],[-74.61165,9.02499],[-74.61777,9.02704],[-74.62396,9.02698],[-74.63078,9.01926],[-74.63392,9.01917],[-74.63832,9.03012],[-74.64447,9.0377],[-74.66236,9.05642],[-74.68363,9.0687],[-74.69567,9.08772],[-74.71298,9.1059],[-74.714,9.10896],[-74.71898,9.113],[-74.7304,9.12766],[-74.72929,9.16902],[-74.72502,9.18071],[-74.7265,9.19182],[-74.73521,9.2016],[-74.75428,9.2038],[-74.75872,9.20559],[-74.76035,9.20929],[-74.76021,9.21578],[-74.75341,9.22158],[-74.747,9.2232],[-74.74216,9.22793],[-74.74062,9.24095],[-74.73355,9.26387],[-74.72419,9.27309],[-74.72304,9.27255],[-74.71011,9.28644],[-74.69122,9.29302],[-74.68361,9.29765],[-74.6784,9.3047],[-74.67801,9.30902],[-74.6806,9.32537],[-74.68727,9.33617],[-74.71433,9.35053],[-74.72898,9.35604],[-74.74362,9.36643],[-74.75275,9.37941],[-74.75627,9.38796],[-74.7556,9.39886],[-74.74345,9.41619],[-74.73933,9.42698]]]},"properties":{"MPIO_CCDGO":"430","MPIO_CNMBRE":"MAGANGUÉ","DPTO_CCDGO":"13"}},{"type":"Feature","geometry":{"type":"Polygon","coordinates":[[[-75.19718,10.28842],[-75.19835,10.29703],[-75.19728,10.29883],[-75.2009,10.30055],[-75.2063,10.29682],[-75.21108,10.28825],[-75.21978,10.29108],[-75.22534,10.28899],[-75.25446,10.25661],[-75.26683,10.24723],[-75.27823,10.24249],[-75.27972,10.23681],[-75.27627,10.23196],[-75.27668,10.2271],[-75.27511,10.22445],[-75.27152,10.22318],[-75.2675,10.22442],[-75.26379,10.22005],[-75.25601,10.22189],[-75.24827,10.21014],[-75.25642,10.19118],[-75.26905,10.18577],[-75.27314,10.18173],[-75.27614,10.17639],[-75.27748,10.16434],[-75.28029,10.16068],[-75.27701,10.15509],[-75.26741,10.15105],[-75.26432,10.14204],[-75.26452,10.13632],[-75.24336,10.13451],[-75.24304,10.13219],[-75.2456,10.09529],[-75.2474,10.09279],[-75.25119,10.09011],[-75.25586,10.09159],[-75.25953,10.08997],[-75.26471,10.09047],[-75.26873,10.09191],[-75.2732,10.08954],[-75.28451,10.09359],[-75.28477,10.08884],[-75.28432,10.08623],[-75.281,10.08464],[-75.28033,10.07909],[-75.27842,10.07876],[-75.27699,10.08096],[-75.27416,10.08036],[-75.27361,10.07769],[-75.26812,10.07612],[-75.26144,10.07005],[-75.25369,10.06754],[-75.25043,10.06826],[-75.24971,10.06635],[-75.24458,10.06704],[-75.24011,10.06555],[-75.23523,10.07617],[-75.23036,10.07607],[-75.22213,10.07882],[-75.22265,10.07464],[-75.2212,10.0715],[-75.22565,10.06798],[-75.22445,10.06446],[-75.22845,10.06113],[-75.22631,10.05726],[-75.2293,10.05273],[-75.22499,10.04893],[-75.21979,10.04744],[-75.21518,10.04266],[-75.20376,10.03902],[-75.20182,10.03573],[-75.19401,10.03686],[-75.19273,10.03531],[-75.19245,10.03989],[-75.18678,10.05022],[-75.1788,10.05642],[-75.18041,10.05824],[-75.17878,10.06004],[-75.17868,10.06424],[-75.17689,10.06419],[-75.17904,10.0705],[-75.1824,10.07467],[-75.18019,10.07766],[-75.18183,10.07828],[-75.18169,10.08011],[-75.17254,10.07633],[-75.17094,10.07032],[-75.16375,10.06882],[-75.15298,10.07843],[-75.15419,10.08229],[-75.15231,10.08405],[-75.15387,10.08803],[-75.15266,10.08886],[-75.1469,10.08673],[-75.14489,10.091],[-75.1455,10.09559],[-75.14129,10.09484],[-75.1402,10.09723],[-75.13938,10.09552],[-75.13957,10.09865],[-75.13732,10.09924],[-75.13824,10.10066],[-75.13659,10.1018],[-75.13626,10.10727],[-75.13428,10.10882],[-75.13089,10.11095],[-75.12506,10.11055],[-75.12116,10.11352],[-75.12068,10.11102],[-75.11778,10.11018],[-75.1153,10.10164],[-75.11245,10.10136],[-75.10996,10.09832],[-75.10327,10.09719],[-75.10068,10.09929],[-75.09861,10.10464],[-75.09519,10.10462],[-75.08575,10.11908],[-75.08823,10.12151],[-75.08796,10.12474],[-75.08569,10.13088],[-75.08317,10.13232],[-75.08311,10.13737],[-75.08016,10.14006],[-75.08239,10.14239],[-75.07924,10.14462],[-75.07916,10.14835],[-75.07752,10.14827],[-75.07601,10.15288],[-75.07014,10.156],[-75.07204,10.15675],[-75.07297,10.16125],[-75.07743,10.16864],[-75.08147,10.15662],[-75.08319,10.15716],[-75.08351,10.16482],[-75.08906,10.16901],[-75.09754,10.16625],[-75.11247,10.16768],[-75.10942,10.16888],[-75.10958,10.1737],[-75.10023,10.17373],[-75.09622,10.18302],[-75.10414,10.19755],[-75.09182,10.20432],[-75.09256,10.20798],[-75.09556,10.21058],[-75.09448,10.21826],[-75.08772,10.21743],[-75.08448,10.22261],[-75.07924,10.22333],[-75.07807,10.22679],[-75.08001,10.22742],[-75.08072,10.23234],[-75.08677,10.22927],[-75.08986,10.22967],[-75.09244,10.23331],[-75.09077,10.23888],[-75.09847,10.23927],[-75.09635,10.25177],[-75.09062,10.25343],[-75.09212,10.26064],[-75.09137,10.26689],[-75.08716,10.2697],[-75.08748,10.27183],[-75.08464,10.27495],[-75.07694,10.27902],[-75.0729,10.27872],[-75.0704,10.27747],[-75.0705,10.27602],[-75.0666,10.27555],[-75.06273,10.28222],[-75.06379,10.29173],[-75.06165,10.29569],[-75.08101,10.28216],[-75.09085,10.27902],[-75.09839,10.27347],[-75.10594,10.27147],[-75.11314,10.27291],[-75.11765,10.27081],[-75.11857,10.27192],[-75.12738,10.27114],[-75.13064,10.27565],[-75.13006,10.27799],[-75.13198,10.28173],[-75.13666,10.28186],[-75.14004,10.28653],[-75.14207,10.2863],[-75.14721,10.29115],[-75.15432,10.2941],[-75.15764,10.29383],[-75.16217,10.289],[-75.16125,10.2878],[-75.16278,10.28612],[-75.16333,10.28947],[-75.16469,10.28975],[-75.16648,10.2869],[-75.1767,10.28558],[-75.17907,10.28974],[-75.18431,10.29092],[-75.1878,10.29466],[-75.18393,10.28932],[-75.18852,10.2939],[-75.18398,10.28642],[-75.18609,10.28428],[-75.18545,10.28258],[-75.19029,10.28142],[-75.19547,10.28538],[-75.19783,10.27974],[-75.19718,10.28842]]]},"properties":{"MPIO_CCDGO":"433","MPIO_CNMBRE":"MAHATES","DPTO_CCDGO":"13"}},{"type":"Feature","geometry":{"type":"Polygon","coordinates":[[[-74.29747,9.17689],[-74.29966,9.17702],[-74.30304,9.16603],[-74.29789,9.15349],[-74.30826,9.14188],[-74.3056,9.1405],[-74.30573,9.13725],[-74.30129,9.13451],[-74.30118,9.12452],[-74.3023,9.12773],[-74.30538,9.12828],[-74.30784,9.13161],[-74.30659,9.13349],[-74.30902,9.13614],[-74.3179,9.13705],[-74.32325,9.13434],[-74.31895,9.12777],[-74.32357,9.1216],[-74.32386,9.11508],[-74.31617,9.10716],[-74.31592,9.10007],[-74.31417,9.09437],[-74.30912,9.08683],[-74.30868,9.08187],[-74.30412,9.08262],[-74.28525,9.07141],[-74.28572,9.06459],[-74.28299,9.05616],[-74.27445,9.05376],[-74.26987,9.05023],[-74.26481,9.04152],[-74.26728,9.03951],[-74.26751,9.03692],[-74.27313,9.0342],[-74.27398,9.02878],[-74.28015,9.02593],[-74.28069,9.01841],[-74.28703,9.00828],[-74.28752,9.00463],[-74.28723,8.99777],[-74.28353,8.99496],[-74.28091,8.9902],[-74.27604,8.99107],[-74.27156,8.99581],[-74.26358,8.99547],[-74.26522,8.98803],[-74.27389,8.98194],[-74.27763,8.97416],[-74.27764,8.97236],[-74.2745,8.9731],[-74.26957,8.9697],[-74.26852,8.96022],[-74.25527,8.9516],[-74.2478,8.95308],[-74.24537,8.94591],[-74.24036,8.94713],[-74.23459,8.9452],[-74.23211,8.95113],[-74.22669,8.94799],[-74.22266,8.95749],[-74.21706,8.96196],[-74.20986,8.97221],[-74.1969,8.97829],[-74.19691,8.98445],[-74.19453,8.98699],[-74.18457,8.98702],[-74.17929,8.9924],[-74.17565,8.99213],[-74.17082,8.98826],[-74.16523,8.98976],[-74.16222,8.99344],[-74.15695,8.99076],[-74.15401,8.99262],[-74.15241,8.9904],[-74.14954,8.9909],[-74.14733,8.98945],[-74.14197,8.99043],[-74.14045,8.99267],[-74.13302,8.99568],[-74.13418,9.00215],[-74.12804,9.00358],[-74.12132,8.99965],[-74.11939,8.99571],[-74.11283,8.99364],[-74.11077,8.9877],[-74.10829,8.98639],[-74.10918,8.99118],[-74.10653,9.00302],[-74.10031,9.0187],[-74.10504,9.0232],[-74.11176,9.04024],[-74.11897,9.04002],[-74.12277,9.03188],[-74.12892,9.02775],[-74.13725,9.02863],[-74.14101,9.03113],[-74.1423,9.03396],[-74.14208,9.03871],[-74.13904,9.04214],[-74.13255,9.04423],[-74.12021,9.04319],[-74.11765,9.04568],[-74.11804,9.049],[-74.13108,9.05546],[-74.13466,9.0644],[-74.14991,9.05667],[-74.15729,9.05738],[-74.15862,9.06156],[-74.15756,9.07086],[-74.16149,9.07304],[-74.17292,9.07405],[-74.17739,9.07711],[-74.17812,9.08126],[-74.17536,9.08633],[-74.17659,9.08929],[-74.18953,9.09416],[-74.2008,9.10053],[-74.21371,9.12018],[-74.22363,9.12122],[-74.22844,9.12405],[-74.22925,9.12716],[-74.22767,9.13023],[-74.22008,9.13382],[-74.22008,9.13613],[-74.22951,9.14183],[-74.23591,9.1478],[-74.24121,9.15681],[-74.24925,9.16538],[-74.26646,9.16958],[-74.28228,9.15797],[-74.28792,9.15729],[-74.29614,9.15885],[-74.29832,9.15992],[-74.29988,9.16373],[-74.29747,9.17689]]]},"properties":{"MPIO_CCDGO":"440","MPIO_CNMBRE":"MARGARITA","DPTO_CCDGO":"13"}},{"type":"Feature","geometry":{"type":"Polygon","coordinates":[[[-75.28439,10.0916],[-75.28451,10.09359],[-75.33302,10.08761],[-75.34288,10.09046],[-75.34644,10.0902],[-75.35155,10.0868],[-75.35263,10.08719],[-75.35051,10.08729],[-75.34971,10.08919],[-75.3519,10.09057],[-75.35969,10.09051],[-75.37777,10.07142],[-75.39176,10.06909],[-75.39867,10.06447],[-75.41287,10.0473],[-75.41353,10.04522],[-75.41156,10.04455],[-75.409,10.048],[-75.40645,10.04404],[-75.41301,10.03825],[-75.41455,10.03341],[-75.42161,10.02677],[-75.42758,10.02853],[-75.43599,10.02768],[-75.43274,10.02144],[-75.43674,10.01742],[-75.44312,10.01975],[-75.44472,10.02483],[-75.4482,10.02706],[-75.44774,10.0312],[-75.45506,10.03667],[-75.46381,10.03782],[-75.47029,10.04112],[-75.47612,10.04197],[-75.48328,10.03696],[-75.48728,10.03676],[-75.48752,10.03389],[-75.47611,10.01856],[-75.48204,10.01259],[-75.48442,10.00687],[-75.47018,10.00401],[-75.47317,10.00126],[-75.47728,9.99274],[-75.47595,9.99066],[-75.4767,9.98328],[-75.4801,9.97845],[-75.47731,9.97358],[-75.46963,9.97219],[-75.46943,9.9679],[-75.46418,9.96138],[-75.4677,9.95702],[-75.46619,9.95388],[-75.47222,9.94731],[-75.47327,9.93933],[-75.47519,9.93921],[-75.47775,9.93509],[-75.46919,9.92471],[-75.47134,9.92328],[-75.47466,9.92808],[-75.48205,9.9299],[-75.48059,9.92603],[-75.47338,9.92244],[-75.47635,9.91707],[-75.46383,9.90588],[-75.46889,9.89788],[-75.46551,9.89177],[-75.46244,9.89012],[-75.4615,9.89375],[-75.44974,9.89475],[-75.44843,9.89737],[-75.45378,9.89943],[-75.44866,9.90802],[-75.44644,9.9088],[-75.4461,9.91321],[-75.44334,9.91411],[-75.43433,9.91141],[-75.43085,9.91273],[-75.43307,9.89714],[-75.42759,9.89288],[-75.42634,9.89461],[-75.42009,9.89291],[-75.3967,9.89383],[-75.39728,9.89056],[-75.4187,9.89047],[-75.41887,9.88851],[-75.42205,9.88731],[-75.42085,9.88654],[-75.42178,9.88446],[-75.40932,9.8848],[-75.39358,9.88081],[-75.39052,9.87663],[-75.39175,9.87416],[-75.38598,9.86983],[-75.38413,9.87134],[-75.38274,9.86162],[-75.3807,9.85928],[-75.37901,9.86013],[-75.37677,9.8494],[-75.36559,9.84542],[-75.36187,9.84611],[-75.3588,9.83891],[-75.35237,9.83843],[-75.33869,9.82843],[-75.33702,9.8346],[-75.33491,9.8384],[-75.33345,9.83796],[-75.3312,9.84403],[-75.33456,9.84758],[-75.33151,9.85258],[-75.33147,9.85747],[-75.32186,9.86761],[-75.32214,9.87386],[-75.31459,9.88434],[-75.30806,9.88431],[-75.30342,9.88671],[-75.29968,9.89132],[-75.29465,9.89159],[-75.29445,9.8898],[-75.29172,9.88931],[-75.28884,9.89146],[-75.28537,9.88941],[-75.2839,9.89126],[-75.2782,9.89122],[-75.27234,9.89506],[-75.2626,9.89479],[-75.26058,9.90018],[-75.25706,9.8998],[-75.25824,9.89847],[-75.25651,9.89703],[-75.25695,9.89486],[-75.25582,9.89545],[-75.25446,9.89339],[-75.2513,9.89691],[-75.2482,9.89651],[-75.24586,9.89885],[-75.23645,9.89838],[-75.23497,9.89971],[-75.23401,9.90404],[-75.23942,9.90729],[-75.24043,9.90962],[-75.23508,9.91653],[-75.23567,9.91963],[-75.24106,9.92184],[-75.25628,9.92142],[-75.25218,9.92404],[-75.25054,9.92838],[-75.24645,9.93001],[-75.24261,9.93881],[-75.23603,9.94583],[-75.23688,9.94736],[-75.23268,9.95265],[-75.23099,9.95233],[-75.2317,9.95767],[-75.23353,9.95889],[-75.22642,9.96581],[-75.22768,9.96847],[-75.22594,9.97535],[-75.2201,9.98109],[-75.2171,9.98088],[-75.21351,9.98596],[-75.21261,9.99109],[-75.20925,9.99384],[-75.21085,9.99915],[-75.21005,10.00243],[-75.21171,10.00333],[-75.21249,10.00718],[-75.21453,10.00764],[-75.21384,10.01031],[-75.21646,10.01038],[-75.21634,10.01226],[-75.22005,10.00952],[-75.22204,10.01074],[-75.21194,10.02425],[-75.21629,10.02859],[-75.20504,10.03959],[-75.21518,10.04266],[-75.21979,10.04744],[-75.22499,10.04893],[-75.22933,10.05278],[-75.22631,10.05726],[-75.22845,10.06113],[-75.22445,10.06446],[-75.22565,10.06798],[-75.2212,10.0715],[-75.22265,10.07464],[-75.22213,10.07882],[-75.23036,10.07607],[-75.23523,10.07617],[-75.24011,10.06555],[-75.24458,10.06704],[-75.24971,10.06635],[-75.25043,10.06826],[-75.25369,10.06754],[-75.26144,10.07005],[-75.26812,10.07612],[-75.27361,10.07769],[-75.27416,10.08036],[-75.27699,10.08096],[-75.27842,10.07876],[-75.28033,10.07909],[-75.28131,10.08521],[-75.28466,10.08668],[-75.28439,10.0916]]]},"properties":{"MPIO_CCDGO":"442","MPIO_CNMBRE":"MARÍA LA BAJA","DPTO_CCDGO":"13"}},{"type":"Feature","geometry":{"type":"Polygon","coordinates":[[[-74.44242,8.40796],[-74.44422,8.41821],[-74.44316,8.42961],[-74.44641,8.43028],[-74.44945,8.42763],[-74.45041,8.42071],[-74.4543,8.41803],[-74.45435,8.41279],[-74.4571,8.40777],[-74.45919,8.40735],[-74.46599,8.41103],[-74.47702,8.40464],[-74.48258,8.40637],[-74.48786,8.41115],[-74.48957,8.41085],[-74.48972,8.40744],[-74.49424,8.40862],[-74.49722,8.40661],[-74.50335,8.40907],[-74.50911,8.40698],[-74.51218,8.40944],[-74.51308,8.40236],[-74.51625,8.39623],[-74.51362,8.39086],[-74.51756,8.37922],[-74.51585,8.37863],[-74.51744,8.37793],[-74.51583,8.3761],[-74.51617,8.36893],[-74.51925,8.36998],[-74.51703,8.3617],[-74.52436,8.35672],[-74.51933,8.35536],[-74.51911,8.34567],[-74.52405,8.3367],[-74.52315,8.33271],[-74.52666,8.32491],[-74.52188,8.31975],[-74.51788,8.31826],[-74.51744,8.31922],[-74.51377,8.31483],[-74.50807,8.31446],[-74.50455,8.3088],[-74.50314,8.30357],[-74.50486,8.29813],[-74.50164,8.29233],[-74.51074,8.28245],[-74.51376,8.2843],[-74.51494,8.28093],[-74.52205,8.27916],[-74.52485,8.27592],[-74.52522,8.26038],[-74.52935,8.25496],[-74.53359,8.25249],[-74.53996,8.25738],[-74.54979,8.25863],[-74.55588,8.26244],[-74.55661,8.26595],[-74.56636,8.26488],[-74.56659,8.26145],[-74.57153,8.26062],[-74.57488,8.26198],[-74.58047,8.25211],[-74.5831,8.25313],[-74.5846,8.25677],[-74.58707,8.25389],[-74.58886,8.25694],[-74.59568,8.25541],[-74.59975,8.25057],[-74.60626,8.25101],[-74.60763,8.2479],[-74.6135,8.24522],[-74.61349,8.24185],[-74.61691,8.24717],[-74.61957,8.24563],[-74.62207,8.24656],[-74.62257,8.2442],[-74.62063,8.24175],[-74.62845,8.24106],[-74.62776,8.23771],[-74.63058,8.23675],[-74.63136,8.23314],[-74.63484,8.23347],[-74.63742,8.22896],[-74.63995,8.23168],[-74.64247,8.22721],[-74.64452,8.23001],[-74.64947,8.23071],[-74.65329,8.22982],[-74.65493,8.22753],[-74.66052,8.22692],[-74.66181,8.22383],[-74.66428,8.22451],[-74.66399,8.22116],[-74.66668,8.22055],[-74.66575,8.21822],[-74.66907,8.21509],[-74.6636,8.21022],[-74.66395,8.20862],[-74.66585,8.20774],[-74.66765,8.2035],[-74.67641,8.20455],[-74.6766,8.20072],[-74.67972,8.19885],[-74.68373,8.18813],[-74.68251,8.18099],[-74.67837,8.17613],[-74.67753,8.16857],[-74.67147,8.16392],[-74.67107,8.1591],[-74.66734,8.15559],[-74.67092,8.1533],[-74.67104,8.1505],[-74.66831,8.14956],[-74.6649,8.15256],[-74.66254,8.15221],[-74.66022,8.14767],[-74.65921,8.1403],[-74.65144,8.13426],[-74.64964,8.12188],[-74.64514,8.11791],[-74.63768,8.11853],[-74.63533,8.11664],[-74.63554,8.11338],[-74.63942,8.10974],[-74.6382,8.10369],[-74.63015,8.09635],[-74.62569,8.08912],[-74.61873,8.08373],[-74.6166,8.08374],[-74.60992,8.05087],[-74.61299,8.04005],[-74.6151,8.03803],[-74.61463,8.03182],[-74.60903,8.0333],[-74.60518,8.03719],[-74.60257,8.03738],[-74.60386,8.03221],[-74.59767,8.02477],[-74.59712,8.01757],[-74.5922,8.01059],[-74.59117,8.00433],[-74.57916,7.99513],[-74.57885,7.98859],[-74.57507,7.9847],[-74.57411,7.9794],[-74.56867,7.97665],[-74.56548,7.97109],[-74.56174,7.96893],[-74.55863,7.96031],[-74.55412,7.95786],[-74.54858,7.95009],[-74.54105,7.94912],[-74.53892,7.94692],[-74.53662,7.93281],[-74.53662,7.91608],[-74.52578,7.9109],[-74.5198,7.9008],[-74.52224,7.89695],[-74.52377,7.88356],[-74.52212,7.87104],[-74.52276,7.8634],[-74.52755,7.85183],[-74.52682,7.83768],[-74.51949,7.82369],[-74.5171,7.81435],[-74.51722,7.80174],[-74.52441,7.79085],[-74.5253,7.78257],[-74.52202,7.78059],[-74.51707,7.78279],[-74.51358,7.78103],[-74.51145,7.7416],[-74.50953,7.72767],[-74.50704,7.72263],[-74.50328,7.72162],[-74.50172,7.71596],[-74.4979,7.71153],[-74.48742,7.71362],[-74.48558,7.7079],[-74.4782,7.70804],[-74.47488,7.7043],[-74.47794,7.69713],[-74.47666,7.68186],[-74.4826,7.68042],[-74.48944,7.67532],[-74.49616,7.67797],[-74.50803,7.67841],[-74.51731,7.67647],[-74.52078,7.67194],[-74.53061,7.6712],[-74.54157,7.66247],[-74.54437,7.65538],[-74.55182,7.64986],[-74.56108,7.64645],[-74.56413,7.64025],[-74.56611,7.61767],[-74.56293,7.612],[-74.56243,7.60761],[-74.56663,7.5981],[-74.56627,7.58485],[-74.57027,7.57889],[-74.57063,7.57542],[-74.57022,7.55404],[-74.56691,7.54253],[-74.56711,7.53791],[-74.57005,7.53337],[-74.56838,7.51811],[-74.57157,7.51511],[-74.58668,7.51416],[-74.58976,7.51188],[-74.59018,7.50522],[-74.59287,7.49914],[-74.5928,7.49059],[-74.59084,7.48711],[-74.58789,7.48572],[-74.58791,7.48227],[-74.59596,7.47283],[-74.59851,7.46566],[-74.59767,7.46007],[-74.59558,7.45899],[-74.58871,7.44548],[-74.58318,7.44865],[-74.58222,7.44608],[-74.58502,7.44048],[-74.58402,7.43898],[-74.58036,7.43647],[-74.57914,7.4336],[-74.57222,7.43056],[-74.56324,7.43286],[-74.56424,7.43887],[-74.56825,7.44153],[-74.56876,7.44579],[-74.56649,7.45194],[-74.5703,7.45542],[-74.56973,7.46002],[-74.55516,7.4667],[-74.55392,7.47379],[-74.54842,7.47175],[-74.54546,7.47327],[-74.5453,7.48945],[-74.54068,7.48688],[-74.53663,7.4887],[-74.53528,7.48035],[-74.53325,7.4792],[-74.53394,7.48454],[-74.53202,7.48663],[-74.53349,7.49144],[-74.52911,7.49363],[-74.52957,7.49955],[-74.5277,7.50072],[-74.51966,7.49322],[-74.51942,7.48965],[-74.51676,7.49008],[-74.51746,7.49225],[-74.51627,7.49295],[-74.51285,7.49345],[-74.5077,7.49072],[-74.50655,7.48016],[-74.49857,7.48312],[-74.49546,7.48665],[-74.49144,7.48568],[-74.48965,7.48893],[-74.49095,7.49345],[-74.48906,7.49843],[-74.48889,7.51154],[-74.4924,7.52275],[-74.49074,7.52991],[-74.49307,7.52976],[-74.49289,7.5376],[-74.49818,7.53923],[-74.4988,7.54169],[-74.49344,7.55117],[-74.48689,7.55326],[-74.48526,7.55636],[-74.48137,7.55652],[-74.47783,7.56008],[-74.4761,7.55912],[-74.47406,7.5602],[-74.4755,7.56477],[-74.47161,7.56861],[-74.47358,7.56987],[-74.47263,7.57306],[-74.47401,7.57588],[-74.47214,7.57771],[-74.46983,7.57629],[-74.46669,7.57874],[-74.46872,7.58386],[-74.46778,7.58935],[-74.46971,7.59384],[-74.46742,7.59622],[-74.46681,7.60034],[-74.47007,7.60414],[-74.46939,7.60877],[-74.47187,7.61075],[-74.4713,7.61364],[-74.47438,7.61245],[-74.47583,7.61381],[-74.47304,7.61781],[-74.46913,7.61818],[-74.46803,7.62073],[-74.46478,7.62153],[-74.46239,7.62506],[-74.46461,7.62822],[-74.46291,7.6301],[-74.46009,7.62997],[-74.46163,7.63428],[-74.46053,7.63975],[-74.46243,7.6395],[-74.46223,7.64147],[-74.46698,7.64338],[-74.46391,7.65859],[-74.45904,7.66529],[-74.46025,7.67039],[-74.45647,7.67221],[-74.45274,7.66954],[-74.44978,7.67489],[-74.45154,7.67636],[-74.44899,7.68099],[-74.44664,7.68073],[-74.44727,7.67873],[-74.4454,7.67926],[-74.44606,7.6842],[-74.4508,7.68466],[-74.45056,7.69054],[-74.45602,7.691],[-74.45518,7.69565],[-74.45865,7.69601],[-74.45702,7.70589],[-74.45904,7.71038],[-74.45772,7.71332],[-74.45967,7.71447],[-74.45223,7.71888],[-74.45417,7.72405],[-74.44926,7.7348],[-74.45114,7.73908],[-74.4485,7.74307],[-74.45159,7.74611],[-74.45066,7.75069],[-74.45329,7.7555],[-74.45024,7.76608],[-74.45245,7.77459],[-74.45427,7.77561],[-74.45125,7.78859],[-74.43987,7.80259],[-74.4308,7.80141],[-74.41079,7.79344],[-74.38699,7.79284],[-74.37974,7.79547],[-74.36509,7.8111],[-74.3579,7.82509],[-74.35779,7.82846],[-74.35958,7.83005],[-74.3713,7.83289],[-74.37148,7.83492],[-74.36253,7.84554],[-74.35556,7.85107],[-74.35447,7.85408],[-74.33993,7.86596],[-74.3411,7.8698],[-74.33832,7.87639],[-74.34808,7.88144],[-74.34911,7.8896],[-74.34586,7.89786],[-74.34298,7.9005],[-74.33341,7.90434],[-74.32863,7.90998],[-74.33151,7.91404],[-74.3316,7.92084],[-74.32524,7.92229],[-74.31876,7.92091],[-74.31735,7.92631],[-74.31321,7.92869],[-74.30096,7.92517],[-74.29739,7.91975],[-74.29488,7.92232],[-74.28603,7.92424],[-74.27823,7.92987],[-74.27573,7.93005],[-74.26014,7.94281],[-74.25646,7.94938],[-74.25647,7.96406],[-74.26192,7.97551],[-74.2615,7.97931],[-74.26572,7.98698],[-74.26646,7.99367],[-74.26866,7.99513],[-74.26793,7.99959],[-74.2764,8.00191],[-74.2761,8.00448],[-74.27894,8.01051],[-74.28545,8.01827],[-74.28683,8.02241],[-74.29177,8.02367],[-74.29432,8.02804],[-74.29758,8.02851],[-74.29838,8.03216],[-74.29115,8.04245],[-74.28355,8.04472],[-74.27884,8.04943],[-74.27645,8.05553],[-74.27768,8.06192],[-74.2722,8.0701],[-74.27409,8.075],[-74.26795,8.08077],[-74.26108,8.10474],[-74.27214,8.11148],[-74.27546,8.12275],[-74.27383,8.13004],[-74.27636,8.13367],[-74.27912,8.13326],[-74.28324,8.13952],[-74.28569,8.15038],[-74.28498,8.15458],[-74.29282,8.15617],[-74.29402,8.15977],[-74.2979,8.16093],[-74.30488,8.15917],[-74.31282,8.16175],[-74.31798,8.16928],[-74.32159,8.17065],[-74.32806,8.17793],[-74.32981,8.18546],[-74.33246,8.18922],[-74.33525,8.19069],[-74.33661,8.18865],[-74.33966,8.18847],[-74.34224,8.19199],[-74.36229,8.20058],[-74.37412,8.20964],[-74.37431,8.2131],[-74.36937,8.21976],[-74.37179,8.22763],[-74.37055,8.23673],[-74.37164,8.24081],[-74.36692,8.25394],[-74.36983,8.26259],[-74.3675,8.26554],[-74.35597,8.26527],[-74.34377,8.27325],[-74.34229,8.27642],[-74.34207,8.28706],[-74.34562,8.29797],[-74.34846,8.29971],[-74.35381,8.29796],[-74.35735,8.29991],[-74.36619,8.29965],[-74.37174,8.30503],[-74.37501,8.31178],[-74.37413,8.31435],[-74.37692,8.31657],[-74.38892,8.31546],[-74.39277,8.317],[-74.40098,8.31549],[-74.40772,8.31684],[-74.41246,8.32289],[-74.41276,8.32606],[-74.4177,8.33124],[-74.42728,8.33216],[-74.4258,8.336],[-74.43029,8.34131],[-74.42753,8.35861],[-74.42586,8.36128],[-74.42611,8.36622],[-74.43502,8.37129],[-74.44048,8.38113],[-74.44369,8.38209],[-74.44531,8.38461],[-74.44363,8.38854],[-74.44544,8.39038],[-74.44709,8.40026],[-74.44242,8.40796]]]},"properties":{"MPIO_CCDGO":"458","MPIO_CNMBRE":"MONTECRISTO","DPTO_CCDGO":"13"}},{"type":"Feature","geometry":{"type":"Polygon","coordinates":[[[-74.43091,9.26906],[-74.43199,9.27207],[-74.43557,9.27429],[-74.43966,9.27397],[-74.44792,9.26896],[-74.46383,9.27132],[-74.47514,9.26417],[-74.47724,9.26009],[-74.4868,9.25041],[-74.51086,9.23405],[-74.5174,9.23485],[-74.52551,9.24272],[-74.5294,9.2414],[-74.54469,9.24229],[-74.55649,9.2377],[-74.56071,9.23317],[-74.56804,9.23052],[-74.5718,9.22568],[-74.57056,9.22281],[-74.56379,9.21987],[-74.56892,9.21201],[-74.57376,9.2089],[-74.5799,9.21142],[-74.58509,9.21083],[-74.58628,9.21314],[-74.58544,9.2162],[-74.59293,9.21811],[-74.59525,9.21624],[-74.59245,9.21365],[-74.5934,9.21146],[-74.59638,9.21105],[-74.59764,9.20493],[-74.6002,9.20435],[-74.60321,9.20605],[-74.60737,9.20485],[-74.61,9.19938],[-74.61299,9.19857],[-74.61366,9.19652],[-74.61949,9.1997],[-74.62353,9.19973],[-74.62839,9.19291],[-74.63629,9.20105],[-74.64418,9.20078],[-74.64704,9.19174],[-74.64905,9.19054],[-74.6512,9.19201],[-74.65409,9.18943],[-74.6646,9.16772],[-74.67369,9.1718],[-74.68378,9.16847],[-74.69172,9.1724],[-74.69322,9.17619],[-74.69626,9.17429],[-74.7037,9.17562],[-74.70705,9.17335],[-74.70933,9.17584],[-74.71283,9.17467],[-74.72081,9.1781],[-74.72301,9.17684],[-74.72545,9.17911],[-74.72929,9.16902],[-74.7304,9.12766],[-74.71898,9.113],[-74.714,9.10896],[-74.71298,9.1059],[-74.69567,9.08772],[-74.68363,9.0687],[-74.66236,9.05642],[-74.64447,9.0377],[-74.63832,9.03012],[-74.63392,9.01917],[-74.63078,9.01926],[-74.62481,9.02656],[-74.62138,9.02728],[-74.61165,9.02499],[-74.60617,9.02043],[-74.60394,9.02234],[-74.59547,9.02409],[-74.58532,9.01743],[-74.57488,9.02552],[-74.57697,9.0303],[-74.58227,9.02999],[-74.58378,9.03453],[-74.58683,9.03602],[-74.58579,9.0396],[-74.58015,9.04187],[-74.57826,9.04434],[-74.57771,9.03896],[-74.57503,9.03599],[-74.56876,9.03765],[-74.56633,9.04138],[-74.56,9.0379],[-74.55397,9.04384],[-74.55287,9.04089],[-74.54779,9.04565],[-74.53995,9.03375],[-74.53675,9.03256],[-74.53718,9.03807],[-74.53259,9.03898],[-74.52995,9.0365],[-74.52338,9.0353],[-74.52098,9.02976],[-74.51781,9.03268],[-74.50965,9.03297],[-74.51183,9.03772],[-74.50822,9.04024],[-74.50207,9.03646],[-74.50055,9.0319],[-74.49456,9.03554],[-74.49207,9.04254],[-74.49055,9.04118],[-74.49209,9.03739],[-74.48873,9.03641],[-74.48961,9.03836],[-74.48799,9.04099],[-74.49192,9.04703],[-74.49342,9.0458],[-74.49332,9.05017],[-74.49757,9.05952],[-74.49664,9.06234],[-74.48781,9.06411],[-74.48841,9.069],[-74.47996,9.07656],[-74.48009,9.0791],[-74.47322,9.08073],[-74.46812,9.08764],[-74.46255,9.0878],[-74.45913,9.08443],[-74.45962,9.08136],[-74.45506,9.08242],[-74.44438,9.0938],[-74.44554,9.09887],[-74.44186,9.09672],[-74.43924,9.09869],[-74.43831,9.10453],[-74.44038,9.10771],[-74.43596,9.11766],[-74.43029,9.1229],[-74.42573,9.12386],[-74.41588,9.14119],[-74.41389,9.14248],[-74.40564,9.1383],[-74.40069,9.147],[-74.39771,9.14814],[-74.39162,9.14396],[-74.39071,9.14176],[-74.39385,9.14134],[-74.39071,9.13712],[-74.38453,9.1332],[-74.38136,9.13298],[-74.37919,9.13601],[-74.38439,9.14603],[-74.38245,9.1518],[-74.37691,9.15199],[-74.37227,9.14749],[-74.3691,9.15664],[-74.35221,9.15111],[-74.35074,9.1538],[-74.35251,9.15731],[-74.35252,9.16219],[-74.35493,9.16202],[-74.35782,9.16416],[-74.35675,9.16788],[-74.36002,9.17281],[-74.35753,9.17576],[-74.35736,9.18142],[-74.3543,9.18343],[-74.35443,9.18754],[-74.35978,9.19306],[-74.36787,9.19511],[-74.37118,9.19892],[-74.37377,9.20686],[-74.37862,9.21044],[-74.38529,9.21105],[-74.39184,9.2152],[-74.39868,9.2133],[-74.40303,9.21375],[-74.40584,9.21627],[-74.41572,9.23462],[-74.42235,9.24068],[-74.42478,9.24502],[-74.43143,9.26008],[-74.43091,9.26906]]]},"properties":{"MPIO_CCDGO":"468","MPIO_CNMBRE":"SANTA CRUZ DE MOMPOX","DPTO_CCDGO":"13"}},{"type":"Feature","geometry":{"type":"Polygon","coordinates":[[[-73.87853,8.47404],[-73.88039,8.47412],[-73.88191,8.45578],[-73.88468,8.45134],[-73.88513,8.44696],[-73.88058,8.43452],[-73.87762,8.43268],[-73.87505,8.42714],[-73.87217,8.41033],[-73.87649,8.39699],[-73.88548,8.39609],[-73.88808,8.39779],[-73.88863,8.39605],[-73.89142,8.39648],[-73.8917,8.39167],[-73.89489,8.39095],[-73.89071,8.38951],[-73.89464,8.38694],[-73.89434,8.38527],[-73.90052,8.38691],[-73.8941,8.38291],[-73.91577,8.38288],[-73.91695,8.37535],[-73.92225,8.37131],[-73.92774,8.37399],[-73.92955,8.37244],[-73.93411,8.37341],[-73.93146,8.37616],[-73.93711,8.38334],[-73.93834,8.3799],[-73.94212,8.37717],[-73.94679,8.37987],[-73.94876,8.37921],[-73.95089,8.38252],[-73.95375,8.38107],[-73.9544,8.38507],[-73.95791,8.3872],[-73.9697,8.38548],[-73.97307,8.38201],[-73.97819,8.38014],[-73.98163,8.38214],[-73.98494,8.38093],[-73.99185,8.38333],[-74.00757,8.37545],[-74.01303,8.37799],[-74.01882,8.37824],[-74.02192,8.36873],[-74.02775,8.36285],[-74.03865,8.36532],[-74.04425,8.36237],[-74.05033,8.36292],[-74.0568,8.35933],[-74.05983,8.3521],[-74.06384,8.35179],[-74.06486,8.34761],[-74.06943,8.34393],[-74.07236,8.34438],[-74.08388,8.3391],[-74.08949,8.33847],[-74.09269,8.33154],[-74.0964,8.33066],[-74.09798,8.33213],[-74.10593,8.33295],[-74.10576,8.32971],[-74.11199,8.32512],[-74.11158,8.32111],[-74.11305,8.3217],[-74.11494,8.31962],[-74.11632,8.32257],[-74.12021,8.32169],[-74.1243,8.32475],[-74.13331,8.31867],[-74.13752,8.3185],[-74.14001,8.31513],[-74.13923,8.31264],[-74.14164,8.30583],[-74.15236,8.30941],[-74.15586,8.30797],[-74.16076,8.3087],[-74.16372,8.30433],[-74.16201,8.29557],[-74.16468,8.29022],[-74.16423,8.28794],[-74.16823,8.2811],[-74.1752,8.27694],[-74.17643,8.26858],[-74.17897,8.26806],[-74.17987,8.2655],[-74.18408,8.26464],[-74.19131,8.26767],[-74.19835,8.26494],[-74.20157,8.26024],[-74.2005,8.25798],[-74.20509,8.2555],[-74.20587,8.25159],[-74.21457,8.24836],[-74.21976,8.2399],[-74.21276,8.23646],[-74.21219,8.23414],[-74.21428,8.2302],[-74.21759,8.2296],[-74.21897,8.2259],[-74.22185,8.2232],[-74.22407,8.22339],[-74.22623,8.21963],[-74.23332,8.21855],[-74.23488,8.21523],[-74.24285,8.21107],[-74.24321,8.20812],[-74.2391,8.20144],[-74.24536,8.19306],[-74.25656,8.18515],[-74.2616,8.17861],[-74.26252,8.17597],[-74.26116,8.17441],[-74.26604,8.16923],[-74.26411,8.1597],[-74.26968,8.15887],[-74.27191,8.15695],[-74.27407,8.1595],[-74.27579,8.15842],[-74.27906,8.15944],[-74.28477,8.1551],[-74.28569,8.15038],[-74.28324,8.13952],[-74.27912,8.13326],[-74.27636,8.13367],[-74.27383,8.13004],[-74.27546,8.12275],[-74.27169,8.11055],[-74.26399,8.10731],[-74.26175,8.10473],[-74.25546,8.10351],[-74.24143,8.11025],[-74.23039,8.10789],[-74.22781,8.10909],[-74.21999,8.10842],[-74.21447,8.11192],[-74.21024,8.10799],[-74.20297,8.1101],[-74.1898,8.1049],[-74.18126,8.10705],[-74.17937,8.10565],[-74.17252,8.10768],[-74.15894,8.11915],[-74.12946,8.13349],[-74.1293,8.13562],[-74.12275,8.13615],[-74.11714,8.1449],[-74.10683,8.15045],[-74.10527,8.15616],[-74.09677,8.15902],[-74.09454,8.16287],[-74.09094,8.16325],[-74.08655,8.15967],[-74.07762,8.16284],[-74.07001,8.15782],[-74.06359,8.15901],[-74.05927,8.1567],[-74.05552,8.16089],[-74.04813,8.16092],[-74.04695,8.16426],[-74.03862,8.17161],[-74.02793,8.17866],[-74.02327,8.17527],[-74.01901,8.17893],[-74.01779,8.17553],[-74.0142,8.1786],[-74.01199,8.17561],[-74.00863,8.17391],[-74.00698,8.1747],[-74.00672,8.17159],[-74.00047,8.17069],[-73.99565,8.17319],[-73.99432,8.17154],[-73.99304,8.17258],[-73.98519,8.17079],[-73.9771,8.17326],[-73.9756,8.17584],[-73.96775,8.17308],[-73.96191,8.17476],[-73.96103,8.17184],[-73.95432,8.16772],[-73.96029,8.16245],[-73.95797,8.15993],[-73.95283,8.15874],[-73.95034,8.15525],[-73.94496,8.15431],[-73.94413,8.15273],[-73.94562,8.15063],[-73.94116,8.14971],[-73.94007,8.14458],[-73.93741,8.14895],[-73.93048,8.14514],[-73.92316,8.14568],[-73.92029,8.13731],[-73.91894,8.13802],[-73.9175,8.13586],[-73.91798,8.1339],[-73.91463,8.13039],[-73.91008,8.13263],[-73.90681,8.12926],[-73.9039,8.12936],[-73.9015,8.12169],[-73.88085,8.11939],[-73.88262,8.11384],[-73.87644,8.10481],[-73.87441,8.09896],[-73.87503,8.09636],[-73.88024,8.09252],[-73.88248,8.08866],[-73.87898,8.0839],[-73.87717,8.07537],[-73.87043,8.0732],[-73.8705,8.06582],[-73.86755,8.06362],[-73.86628,8.07014],[-73.86147,8.0785],[-73.85608,8.0837],[-73.84669,8.08837],[-73.83048,8.10273],[-73.82357,8.10563],[-73.81208,8.11959],[-73.81042,8.12543],[-73.80677,8.13039],[-73.8018,8.133],[-73.78633,8.13436],[-73.77824,8.13862],[-73.77227,8.15095],[-73.771,8.16222],[-73.77626,8.1881],[-73.77529,8.19785],[-73.77956,8.20813],[-73.77415,8.22749],[-73.76461,8.24047],[-73.76477,8.2502],[-73.76219,8.26032],[-73.75246,8.26816],[-73.75027,8.27188],[-73.75114,8.27705],[-73.75874,8.29082],[-73.76033,8.29987],[-73.75702,8.30755],[-73.74925,8.31219],[-73.74675,8.31685],[-73.74827,8.32132],[-73.75482,8.32583],[-73.75757,8.33148],[-73.75476,8.34624],[-73.74847,8.36268],[-73.75049,8.38088],[-73.74902,8.38854],[-73.74953,8.40544],[-73.76854,8.4022],[-73.77064,8.40878],[-73.76653,8.41821],[-73.76916,8.41966],[-73.76908,8.42395],[-73.77644,8.42411],[-73.78167,8.42608],[-73.79965,8.41693],[-73.80018,8.41314],[-73.80572,8.41147],[-73.81115,8.4169],[-73.81769,8.42796],[-73.82397,8.4306],[-73.82604,8.43443],[-73.8331,8.4335],[-73.83497,8.43483],[-73.84097,8.43294],[-73.84716,8.4349],[-73.85157,8.43868],[-73.84961,8.44225],[-73.8397,8.45098],[-73.84309,8.45383],[-73.84379,8.45683],[-73.84819,8.4584],[-73.84636,8.46218],[-73.84683,8.46505],[-73.84862,8.46396],[-73.85845,8.46619],[-73.86394,8.46288],[-73.87274,8.47184],[-73.87745,8.47182],[-73.87686,8.47405],[-73.87853,8.47404]]]},"properties":{"MPIO_CCDGO":"473","MPIO_CNMBRE":"MORALES","DPTO_CCDGO":"13"}},{"type":"Feature","geometry":{"type":"Polygon","coordinates":[[[-74.10775,8.61478],[-74.11288,8.61906],[-74.12608,8.61875],[-74.15274,8.6024],[-74.15422,8.59636],[-74.15699,8.5927],[-74.15551,8.58753],[-74.15744,8.5837],[-74.1574,8.57867],[-74.1653,8.57631],[-74.16693,8.57246],[-74.16436,8.56615],[-74.16101,8.56503],[-74.15984,8.56184],[-74.16029,8.5592],[-74.16299,8.55903],[-74.16256,8.55454],[-74.16626,8.54991],[-74.15844,8.54388],[-74.15857,8.54213],[-74.16215,8.54157],[-74.16268,8.53953],[-74.16003,8.53866],[-74.162,8.53665],[-74.16093,8.53402],[-74.15516,8.53213],[-74.15458,8.52863],[-74.1572,8.52638],[-74.15616,8.52423],[-74.15767,8.52334],[-74.1577,8.52072],[-74.16528,8.51637],[-74.16697,8.51322],[-74.17007,8.51694],[-74.18038,8.50789],[-74.18293,8.50938],[-74.18756,8.50779],[-74.18835,8.50132],[-74.19346,8.49696],[-74.19693,8.49604],[-74.19823,8.49329],[-74.20346,8.49232],[-74.20679,8.48508],[-74.20498,8.4802],[-74.20758,8.47718],[-74.21185,8.4765],[-74.21525,8.4707],[-74.21856,8.46853],[-74.22079,8.46772],[-74.22261,8.46954],[-74.22487,8.46725],[-74.22661,8.46773],[-74.22702,8.46491],[-74.23077,8.46071],[-74.24192,8.45245],[-74.24762,8.45106],[-74.25184,8.44374],[-74.25629,8.44304],[-74.25603,8.43943],[-74.25795,8.43892],[-74.25703,8.43533],[-74.25172,8.43537],[-74.2455,8.43031],[-74.23383,8.43053],[-74.23142,8.42859],[-74.23873,8.41633],[-74.23833,8.41251],[-74.24064,8.40722],[-74.23794,8.40208],[-74.2385,8.39975],[-74.24753,8.39123],[-74.24934,8.38577],[-74.25753,8.38318],[-74.25621,8.38048],[-74.25742,8.37534],[-74.25403,8.37105],[-74.23894,8.36737],[-74.23527,8.37003],[-74.22671,8.3705],[-74.2255,8.37287],[-74.22297,8.37234],[-74.21903,8.37528],[-74.21107,8.37614],[-74.20715,8.38026],[-74.20212,8.37968],[-74.19052,8.37252],[-74.18771,8.37304],[-74.18438,8.37613],[-74.18908,8.38332],[-74.18652,8.38385],[-74.18178,8.39024],[-74.17645,8.3918],[-74.17205,8.39724],[-74.16797,8.39762],[-74.16628,8.40134],[-74.15624,8.40645],[-74.14838,8.41776],[-74.14657,8.42342],[-74.12929,8.43583],[-74.12537,8.43703],[-74.12211,8.43429],[-74.11818,8.44014],[-74.11504,8.4391],[-74.1058,8.44571],[-74.10907,8.44656],[-74.11082,8.44895],[-74.10902,8.45309],[-74.11275,8.45705],[-74.11074,8.46036],[-74.10691,8.45964],[-74.10573,8.45616],[-74.10023,8.45632],[-74.09919,8.45288],[-74.09622,8.45188],[-74.09264,8.45817],[-74.08747,8.4584],[-74.08926,8.46364],[-74.08709,8.46582],[-74.08318,8.46447],[-74.08374,8.46044],[-74.08012,8.4607],[-74.07848,8.45695],[-74.07195,8.45525],[-74.07145,8.45253],[-74.06933,8.45146],[-74.07285,8.43951],[-74.07586,8.43529],[-74.08622,8.43078],[-74.08247,8.42948],[-74.07763,8.43081],[-74.07308,8.43438],[-74.06639,8.44658],[-74.06232,8.44828],[-74.05533,8.45846],[-74.05427,8.46985],[-74.04846,8.47191],[-74.04156,8.47842],[-74.03492,8.48039],[-74.03699,8.48492],[-74.0295,8.48699],[-74.01924,8.50154],[-74.00933,8.50629],[-74.00478,8.51722],[-73.99442,8.5256],[-73.98473,8.52918],[-73.97925,8.5333],[-73.98008,8.53755],[-73.97725,8.53855],[-73.97598,8.54496],[-73.97945,8.5477],[-73.98113,8.54686],[-73.98044,8.54829],[-73.98326,8.5523],[-73.99033,8.5564],[-73.98582,8.56148],[-73.9816,8.55962],[-73.97869,8.56155],[-73.97376,8.56053],[-73.96524,8.56606],[-73.97095,8.5656],[-73.97882,8.56886],[-73.98653,8.57309],[-73.99045,8.57858],[-73.99846,8.584],[-73.99761,8.59538],[-73.99445,8.5998],[-73.99817,8.60082],[-74.00207,8.5989],[-74.00919,8.59896],[-74.01355,8.60104],[-74.01598,8.59849],[-74.01903,8.60179],[-74.0213,8.60178],[-74.02469,8.60614],[-74.03196,8.6056],[-74.03466,8.60848],[-74.08294,8.61126],[-74.08678,8.60501],[-74.08962,8.60809],[-74.09248,8.60775],[-74.09246,8.61],[-74.09846,8.61251],[-74.09907,8.61067],[-74.10274,8.61391],[-74.10678,8.61354],[-74.10775,8.61478]]]},"properties":{"MPIO_CCDGO":"490","MPIO_CNMBRE":"NOROSÍ","DPTO_CCDGO":"13"}},{"type":"Feature","geometry":{"type":"Polygon","coordinates":[[[-74.47832,9.06473],[-74.47557,9.07545],[-74.47696,9.07759],[-74.48012,9.0781],[-74.47996,9.07656],[-74.48841,9.069],[-74.48781,9.06411],[-74.49664,9.06234],[-74.49757,9.05952],[-74.49332,9.05017],[-74.49342,9.0458],[-74.49192,9.04703],[-74.48798,9.04096],[-74.48961,9.03836],[-74.48871,9.03643],[-74.49008,9.0361],[-74.49001,9.03735],[-74.49212,9.03744],[-74.49055,9.04118],[-74.49207,9.04254],[-74.49456,9.03554],[-74.50055,9.0319],[-74.50207,9.03646],[-74.50763,9.04033],[-74.51183,9.03772],[-74.50965,9.03297],[-74.51781,9.03268],[-74.52064,9.02977],[-74.52338,9.0353],[-74.52995,9.0365],[-74.53259,9.03898],[-74.53718,9.03807],[-74.53675,9.03256],[-74.54295,9.03659],[-74.54527,9.04308],[-74.54779,9.04565],[-74.55287,9.04089],[-74.55397,9.04384],[-74.56,9.0379],[-74.56633,9.04138],[-74.56876,9.03765],[-74.57503,9.03599],[-74.57771,9.03896],[-74.57826,9.04434],[-74.58015,9.04187],[-74.58579,9.0396],[-74.58683,9.03602],[-74.58378,9.03453],[-74.58227,9.02999],[-74.57887,9.03086],[-74.57633,9.02969],[-74.57535,9.02494],[-74.58532,9.01743],[-74.58937,9.02125],[-74.5959,9.02419],[-74.60394,9.02234],[-74.60617,9.02043],[-74.59463,9.00276],[-74.58831,9.00028],[-74.57868,8.99856],[-74.56825,8.99989],[-74.55435,8.99662],[-74.53984,8.99745],[-74.53488,8.99508],[-74.53119,8.98357],[-74.53023,8.96717],[-74.52644,8.96054],[-74.52005,8.95381],[-74.49638,8.93896],[-74.48832,8.92922],[-74.48555,8.92008],[-74.47642,8.90504],[-74.47518,8.88915],[-74.46419,8.88289],[-74.46462,8.87618],[-74.4742,8.87038],[-74.47648,8.86566],[-74.46027,8.84079],[-74.46202,8.83906],[-74.4733,8.83871],[-74.47319,8.82826],[-74.47235,8.82599],[-74.46272,8.82134],[-74.45545,8.81533],[-74.45368,8.81195],[-74.45656,8.80502],[-74.47664,8.79902],[-74.48381,8.78932],[-74.41767,8.78847],[-74.41654,8.78371],[-74.42037,8.77963],[-74.42089,8.7737],[-74.41468,8.77203],[-74.41067,8.7685],[-74.40132,8.76936],[-74.40165,8.76512],[-74.40006,8.76307],[-74.39183,8.76457],[-74.38783,8.75945],[-74.38988,8.75392],[-74.38866,8.75073],[-74.37756,8.74546],[-74.37469,8.74849],[-74.37303,8.7458],[-74.37238,8.73781],[-74.38205,8.72767],[-74.38638,8.72509],[-74.38909,8.716],[-74.3822,8.70475],[-74.37422,8.70037],[-74.36957,8.69321],[-74.376,8.68848],[-74.37707,8.68234],[-74.37521,8.6785],[-74.37711,8.67339],[-74.37418,8.67262],[-74.3751,8.66465],[-74.37111,8.66032],[-74.36027,8.66173],[-74.36017,8.65861],[-74.35585,8.65934],[-74.35898,8.65438],[-74.35544,8.65405],[-74.35217,8.65587],[-74.35033,8.65254],[-74.26838,8.65341],[-74.2116,8.6499],[-74.2515,8.68305],[-74.25268,8.68578],[-74.25541,8.68471],[-74.25981,8.68776],[-74.26408,8.69897],[-74.26755,8.7002],[-74.27347,8.69723],[-74.27479,8.69879],[-74.27403,8.702],[-74.28001,8.70566],[-74.28733,8.70372],[-74.28257,8.70873],[-74.28196,8.71458],[-74.27557,8.71722],[-74.2749,8.71889],[-74.27911,8.72478],[-74.28299,8.72185],[-74.28405,8.72614],[-74.28729,8.72235],[-74.29257,8.7261],[-74.29005,8.73055],[-74.2901,8.73514],[-74.29388,8.74154],[-74.29098,8.7532],[-74.29188,8.75647],[-74.28908,8.76186],[-74.29141,8.76386],[-74.29395,8.77134],[-74.28952,8.77672],[-74.29331,8.78081],[-74.29849,8.78103],[-74.30483,8.78773],[-74.31002,8.78868],[-74.31223,8.79383],[-74.31964,8.80213],[-74.31451,8.80493],[-74.31896,8.81165],[-74.31653,8.81436],[-74.301,8.81719],[-74.30719,8.82603],[-74.31673,8.84908],[-74.32276,8.85831],[-74.34385,8.87165],[-74.35727,8.87116],[-74.3602,8.87219],[-74.36057,8.87425],[-74.36053,8.87928],[-74.34012,8.8787],[-74.33724,8.87754],[-74.33548,8.87329],[-74.33121,8.87217],[-74.32801,8.86916],[-74.32237,8.8713],[-74.31622,8.87707],[-74.3106,8.87773],[-74.30838,8.86493],[-74.30313,8.85931],[-74.29622,8.8578],[-74.28765,8.86352],[-74.27937,8.86372],[-74.27434,8.86167],[-74.27204,8.86727],[-74.26522,8.8745],[-74.25024,8.88617],[-74.24898,8.90205],[-74.24377,8.90508],[-74.24341,8.91369],[-74.24112,8.91814],[-74.24496,8.92489],[-74.24367,8.93117],[-74.23308,8.93438],[-74.22546,8.94714],[-74.23211,8.95113],[-74.23401,8.94539],[-74.24036,8.94713],[-74.24537,8.94591],[-74.2478,8.95308],[-74.25527,8.9516],[-74.26852,8.96022],[-74.26914,8.96875],[-74.27145,8.97179],[-74.27625,8.97304],[-74.28401,8.9677],[-74.29325,8.96836],[-74.31088,8.97294],[-74.30858,8.97947],[-74.31527,8.97821],[-74.3194,8.97538],[-74.32226,8.97871],[-74.32416,8.97413],[-74.32624,8.973],[-74.33595,8.97376],[-74.34146,8.97076],[-74.34645,8.97126],[-74.35089,8.97448],[-74.35447,8.97205],[-74.35957,8.97431],[-74.36358,8.97353],[-74.37149,8.96676],[-74.37865,8.96791],[-74.38142,8.97884],[-74.38124,8.9847],[-74.39321,8.98527],[-74.39297,8.98853],[-74.3965,8.99125],[-74.39753,8.99524],[-74.40167,8.99552],[-74.40156,9.00032],[-74.41772,9.00638],[-74.4244,9.012],[-74.43258,9.00927],[-74.4339,9.02071],[-74.43716,9.0206],[-74.43912,9.02475],[-74.43658,9.02909],[-74.43722,9.03109],[-74.44193,9.03593],[-74.44248,9.04076],[-74.44559,9.0429],[-74.44747,9.05229],[-74.45082,9.05381],[-74.45021,9.05691],[-74.44761,9.05944],[-74.44916,9.06466],[-74.45401,9.05975],[-74.45596,9.06066],[-74.4566,9.06325],[-74.46017,9.06489],[-74.46243,9.06181],[-74.46699,9.0621],[-74.46854,9.06385],[-74.4781,9.06365],[-74.47832,9.06473]]]},"properties":{"MPIO_CCDGO":"549","MPIO_CNMBRE":"PINILLOS","DPTO_CCDGO":"13"}},{"type":"Feature","geometry":{"type":"Polygon","coordinates":[[[-73.82012,8.83544],[-73.8235,8.8342],[-73.82597,8.8263],[-73.83215,8.82109],[-73.83859,8.82103],[-73.85132,8.81575],[-73.85263,8.81421],[-73.85196,8.81145],[-73.85597,8.80606],[-73.87308,8.79191],[-73.87067,8.78751],[-73.87216,8.77966],[-73.86377,8.77604],[-73.85945,8.76996],[-73.85765,8.76092],[-73.85964,8.75674],[-73.86276,8.75823],[-73.86303,8.75522],[-73.86714,8.75523],[-73.86857,8.74811],[-73.86594,8.74196],[-73.85941,8.73731],[-73.85663,8.73],[-73.86031,8.72801],[-73.86625,8.72885],[-73.87215,8.72399],[-73.87581,8.72336],[-73.8729,8.70962],[-73.88478,8.71276],[-73.89999,8.70164],[-73.90145,8.69513],[-73.90203,8.69882],[-73.90505,8.69932],[-73.90736,8.69492],[-73.91681,8.6887],[-73.92127,8.68839],[-73.92176,8.69235],[-73.92752,8.69158],[-73.92944,8.69446],[-73.92709,8.69598],[-73.92977,8.69846],[-73.93173,8.69873],[-73.93372,8.69603],[-73.93417,8.70361],[-73.93746,8.70229],[-73.93933,8.70391],[-73.94047,8.70113],[-73.93876,8.69727],[-73.94154,8.69405],[-73.9362,8.68589],[-73.93905,8.67885],[-73.94188,8.67868],[-73.94312,8.67369],[-73.94687,8.6723],[-73.95629,8.66438],[-73.9513,8.65956],[-73.95181,8.65694],[-73.94411,8.65362],[-73.94374,8.6509],[-73.94286,8.65287],[-73.93795,8.6522],[-73.93043,8.6553],[-73.9279,8.6533],[-73.92718,8.65655],[-73.92605,8.65408],[-73.92397,8.65415],[-73.92663,8.65714],[-73.92871,8.65715],[-73.92542,8.65901],[-73.92574,8.66103],[-73.92384,8.66085],[-73.92192,8.66038],[-73.92271,8.65743],[-73.92124,8.65457],[-73.91769,8.65304],[-73.91426,8.65396],[-73.91269,8.64765],[-73.90243,8.64476],[-73.90019,8.64568],[-73.89891,8.64957],[-73.90238,8.65125],[-73.90392,8.6561],[-73.89994,8.65805],[-73.89636,8.65674],[-73.88087,8.65991],[-73.87837,8.66227],[-73.87469,8.65976],[-73.87411,8.6534],[-73.87223,8.65375],[-73.87121,8.64977],[-73.87101,8.64346],[-73.8735,8.63934],[-73.8717,8.63267],[-73.86203,8.63716],[-73.86072,8.65002],[-73.85748,8.64833],[-73.8549,8.64449],[-73.85099,8.64339],[-73.84716,8.63461],[-73.84603,8.62724],[-73.84816,8.62702],[-73.84904,8.62389],[-73.84605,8.61545],[-73.83932,8.61893],[-73.8311,8.62051],[-73.83091,8.62981],[-73.82714,8.6387],[-73.82727,8.65954],[-73.8192,8.66274],[-73.8162,8.67965],[-73.809,8.69521],[-73.8117,8.711],[-73.81572,8.72149],[-73.81026,8.73317],[-73.79425,8.74302],[-73.78916,8.75022],[-73.78994,8.75596],[-73.7948,8.76688],[-73.79194,8.79027],[-73.79447,8.80125],[-73.79528,8.81677],[-73.79756,8.81984],[-73.80226,8.82187],[-73.80788,8.83172],[-73.81275,8.83454],[-73.82012,8.83544]]]},"properties":{"MPIO_CCDGO":"580","MPIO_CNMBRE":"REGIDOR","DPTO_CCDGO":"13"}},{"type":"Feature","geometry":{"type":"Polygon","coordinates":[[[-73.99498,8.67376],[-74.00194,8.66971],[-74.00963,8.65934],[-74.01695,8.65925],[-74.02935,8.65597],[-74.0386,8.6563],[-74.05241,8.66525],[-74.06169,8.66237],[-74.06504,8.66417],[-74.07288,8.66264],[-74.07544,8.6636],[-74.0811,8.6587],[-74.07869,8.65346],[-74.08033,8.64786],[-74.08843,8.64396],[-74.09181,8.63886],[-74.09874,8.64026],[-74.10389,8.64318],[-74.11084,8.64131],[-74.11407,8.64343],[-74.12056,8.63846],[-74.1235,8.64031],[-74.1242,8.64322],[-74.12801,8.6449],[-74.12911,8.64839],[-74.13228,8.64982],[-74.13598,8.6544],[-74.13796,8.65455],[-74.1365,8.65357],[-74.13707,8.64565],[-74.13385,8.63872],[-74.13437,8.63602],[-74.13683,8.63368],[-74.13774,8.63447],[-74.14237,8.62866],[-74.14483,8.61776],[-74.14852,8.61334],[-74.1517,8.60403],[-74.12679,8.61855],[-74.11288,8.61906],[-74.10678,8.61354],[-74.10288,8.61395],[-74.09907,8.61067],[-74.09846,8.61251],[-74.09246,8.61],[-74.09248,8.60775],[-74.08962,8.60809],[-74.08678,8.60501],[-74.08294,8.61126],[-74.03466,8.60848],[-74.03196,8.6056],[-74.02469,8.60614],[-74.0213,8.60178],[-74.01903,8.60179],[-74.01598,8.59849],[-74.01356,8.60104],[-74.00915,8.59896],[-73.99536,8.60025],[-73.99445,8.5998],[-73.99797,8.59376],[-73.99846,8.584],[-73.99045,8.57858],[-73.98653,8.57309],[-73.97882,8.56886],[-73.97095,8.5656],[-73.96524,8.56606],[-73.97376,8.56053],[-73.97869,8.56155],[-73.9816,8.55962],[-73.98582,8.56148],[-73.99033,8.5564],[-73.98326,8.5523],[-73.98044,8.54829],[-73.98113,8.54686],[-73.97945,8.5477],[-73.97598,8.54496],[-73.97725,8.53855],[-73.98008,8.53755],[-73.97925,8.5333],[-73.98473,8.52918],[-73.99442,8.5256],[-74.00478,8.51722],[-74.00933,8.50629],[-74.01924,8.50154],[-74.0295,8.48699],[-74.03699,8.48492],[-74.03492,8.48039],[-74.04156,8.47842],[-74.04846,8.47191],[-74.05427,8.46985],[-74.05533,8.45846],[-74.06232,8.44828],[-74.06639,8.44658],[-74.07308,8.43438],[-74.07763,8.43081],[-74.08247,8.42948],[-74.08622,8.43078],[-74.07586,8.43529],[-74.07285,8.43951],[-74.06933,8.45146],[-74.07145,8.45253],[-74.07195,8.45525],[-74.07848,8.45695],[-74.08012,8.4607],[-74.08374,8.46044],[-74.08318,8.46447],[-74.08709,8.46582],[-74.08926,8.46364],[-74.08747,8.4584],[-74.09264,8.45817],[-74.09622,8.45188],[-74.09919,8.45288],[-74.10023,8.45632],[-74.10573,8.45616],[-74.10691,8.45964],[-74.11074,8.46036],[-74.11275,8.45705],[-74.10902,8.45309],[-74.11082,8.44895],[-74.10907,8.44656],[-74.1058,8.44571],[-74.11504,8.4391],[-74.11818,8.44014],[-74.12211,8.43429],[-74.12537,8.43703],[-74.12929,8.43583],[-74.14657,8.42342],[-74.14838,8.41776],[-74.15624,8.40645],[-74.16628,8.40134],[-74.16797,8.39762],[-74.17205,8.39724],[-74.17645,8.3918],[-74.18178,8.39024],[-74.18652,8.38385],[-74.18908,8.38332],[-74.18438,8.37613],[-74.18804,8.37284],[-74.1958,8.37508],[-74.20212,8.37968],[-74.20715,8.38026],[-74.21107,8.37614],[-74.21903,8.37528],[-74.22297,8.37234],[-74.2255,8.37287],[-74.22671,8.3705],[-74.23527,8.37003],[-74.23661,8.36802],[-74.23989,8.3672],[-74.25403,8.37105],[-74.25742,8.37534],[-74.25621,8.38048],[-74.25753,8.38318],[-74.26104,8.38056],[-74.26605,8.36912],[-74.28126,8.36505],[-74.28187,8.36304],[-74.27653,8.35622],[-74.27687,8.35225],[-74.29109,8.3438],[-74.29289,8.33705],[-74.30882,8.31848],[-74.31027,8.31892],[-74.32894,8.30889],[-74.33398,8.30862],[-74.34377,8.27325],[-74.35597,8.26527],[-74.3675,8.26554],[-74.3693,8.26371],[-74.36988,8.26001],[-74.36692,8.25318],[-74.37164,8.24081],[-74.37055,8.23673],[-74.37179,8.22763],[-74.36931,8.22076],[-74.37007,8.21765],[-74.37431,8.2131],[-74.37305,8.20862],[-74.36229,8.20058],[-74.34224,8.19199],[-74.33966,8.18847],[-74.33661,8.18865],[-74.33525,8.19069],[-74.33225,8.18904],[-74.33424,8.19773],[-74.33346,8.20504],[-74.33215,8.20843],[-74.32719,8.21062],[-74.32263,8.21628],[-74.32227,8.22198],[-74.32393,8.22607],[-74.32242,8.23457],[-74.31894,8.2366],[-74.31421,8.24439],[-74.31139,8.24606],[-74.30192,8.24702],[-74.29473,8.25175],[-74.29283,8.25499],[-74.29287,8.26099],[-74.2851,8.26768],[-74.28383,8.2724],[-74.27155,8.27928],[-74.25691,8.28317],[-74.24304,8.30402],[-74.24243,8.31023],[-74.23102,8.31856],[-74.23234,8.32444],[-74.23095,8.3286],[-74.20578,8.33548],[-74.19985,8.34255],[-74.19201,8.34266],[-74.17643,8.34874],[-74.17707,8.35991],[-74.17034,8.37048],[-74.15997,8.36842],[-74.1579,8.36956],[-74.15221,8.37547],[-74.14856,8.38236],[-74.14088,8.38462],[-74.13603,8.38782],[-74.13577,8.3916],[-74.13123,8.39751],[-74.12722,8.39813],[-74.1224,8.39594],[-74.12146,8.39968],[-74.11648,8.40327],[-74.10778,8.39383],[-74.10311,8.39269],[-74.09732,8.39395],[-74.09647,8.39168],[-74.09425,8.39211],[-74.08803,8.39899],[-74.08739,8.40213],[-74.08378,8.40399],[-74.08014,8.40942],[-74.07718,8.41035],[-74.07765,8.41294],[-74.07402,8.4113],[-74.06844,8.41279],[-74.0676,8.41101],[-74.06395,8.4132],[-74.06134,8.41222],[-74.06155,8.41345],[-74.05764,8.41464],[-74.0589,8.42127],[-74.05501,8.43],[-74.05007,8.43104],[-74.04738,8.42873],[-74.0436,8.42966],[-74.04325,8.43603],[-74.04031,8.43302],[-74.0349,8.43284],[-74.03325,8.43584],[-74.02566,8.43541],[-74.02412,8.43682],[-74.02179,8.43571],[-74.02028,8.43771],[-74.01659,8.43633],[-74.018,8.4377],[-74.0175,8.43993],[-74.00942,8.43576],[-74.00667,8.44074],[-74.00419,8.44127],[-74.00408,8.44468],[-74.00683,8.4474],[-74.00604,8.4492],[-74.0037,8.44982],[-74.00297,8.45413],[-74.00021,8.45391],[-73.99935,8.45634],[-73.99515,8.45823],[-73.99392,8.46262],[-73.98336,8.46429],[-73.97544,8.47422],[-73.97405,8.47317],[-73.96486,8.47418],[-73.96294,8.4786],[-73.95464,8.48126],[-73.95113,8.48579],[-73.94234,8.48735],[-73.93111,8.48604],[-73.91751,8.47776],[-73.89945,8.47413],[-73.89614,8.47495],[-73.88949,8.47094],[-73.88046,8.47169],[-73.88039,8.47412],[-73.87686,8.47405],[-73.87745,8.47182],[-73.87274,8.47184],[-73.86394,8.46288],[-73.85845,8.46619],[-73.84862,8.46396],[-73.84683,8.46505],[-73.84636,8.46218],[-73.84819,8.4584],[-73.84379,8.45683],[-73.84309,8.45383],[-73.8397,8.45098],[-73.85136,8.43973],[-73.84716,8.4349],[-73.84097,8.43294],[-73.83497,8.43483],[-73.8331,8.4335],[-73.82604,8.43443],[-73.82397,8.4306],[-73.81769,8.42796],[-73.81115,8.4169],[-73.80572,8.41147],[-73.80018,8.41314],[-73.79965,8.41693],[-73.78424,8.42571],[-73.76908,8.42395],[-73.76916,8.41966],[-73.76653,8.41821],[-73.77064,8.40878],[-73.76854,8.4022],[-73.74953,8.40544],[-73.74837,8.42988],[-73.74963,8.44186],[-73.74674,8.44922],[-73.74578,8.45725],[-73.74688,8.46593],[-73.75498,8.47672],[-73.76484,8.48434],[-73.77215,8.49369],[-73.77986,8.51185],[-73.77803,8.54836],[-73.7749,8.56055],[-73.78274,8.56642],[-73.79005,8.58079],[-73.79474,8.59191],[-73.79836,8.60862],[-73.8023,8.61261],[-73.80331,8.61174],[-73.81451,8.62572],[-73.81795,8.63868],[-73.82029,8.6619],[-73.82727,8.65954],[-73.82714,8.6387],[-73.83091,8.62981],[-73.8311,8.62051],[-73.83932,8.61893],[-73.84605,8.61545],[-73.84904,8.62389],[-73.84816,8.62702],[-73.84603,8.62724],[-73.84598,8.63095],[-73.85099,8.64339],[-73.8549,8.64449],[-73.85748,8.64833],[-73.86103,8.65009],[-73.86203,8.63716],[-73.8717,8.63267],[-73.8735,8.63934],[-73.87101,8.64346],[-73.87121,8.64977],[-73.87223,8.65375],[-73.87411,8.6534],[-73.87469,8.65976],[-73.87792,8.66214],[-73.88087,8.65991],[-73.89636,8.65674],[-73.8992,8.65817],[-73.9034,8.65648],[-73.90238,8.65125],[-73.89891,8.64957],[-73.90019,8.64568],[-73.90243,8.64476],[-73.91269,8.64765],[-73.91426,8.65396],[-73.91769,8.65304],[-73.92124,8.65457],[-73.92271,8.65743],[-73.92192,8.66038],[-73.92384,8.66085],[-73.92574,8.66103],[-73.92542,8.65901],[-73.92871,8.65715],[-73.92663,8.65714],[-73.92397,8.65415],[-73.92605,8.65408],[-73.92718,8.65655],[-73.9279,8.6533],[-73.93043,8.6553],[-73.93795,8.6522],[-73.94286,8.65287],[-73.94374,8.6509],[-73.94411,8.65362],[-73.95181,8.65694],[-73.9513,8.65956],[-73.95629,8.66438],[-73.96163,8.65256],[-73.96404,8.65062],[-73.96475,8.65586],[-73.9696,8.6597],[-73.97041,8.66292],[-73.97509,8.66255],[-73.97916,8.65794],[-73.97861,8.65559],[-73.98121,8.65548],[-73.98694,8.66108],[-73.98663,8.66349],[-73.9904,8.66622],[-73.9912,8.67047],[-73.99298,8.67038],[-73.99245,8.67269],[-73.99498,8.67376]]]},"properties":{"MPIO_CCDGO":"600","MPIO_CNMBRE":"RÍO VIEJO","DPTO_CCDGO":"13"}},{"type":"Feature","geometry":{"type":"Polygon","coordinates":[[[-75.07409,10.40906],[-75.08312,10.41195],[-75.08938,10.41042],[-75.08681,10.39768],[-75.0869,10.3963],[-75.09246,10.39339],[-75.0937,10.38933],[-75.0908,10.3861],[-75.09737,10.38581],[-75.10126,10.38],[-75.1049,10.37768],[-75.10778,10.37947],[-75.11172,10.37829],[-75.10924,10.37556],[-75.10917,10.34532],[-75.0818,10.3455],[-75.08351,10.34158],[-75.0825,10.34017],[-75.08418,10.33835],[-75.08124,10.33647],[-75.07125,10.34756],[-75.06993,10.3443],[-75.06727,10.34545],[-75.06043,10.34384],[-75.04641,10.34411],[-75.04249,10.34655],[-75.03828,10.35452],[-75.03621,10.35274],[-75.03192,10.35446],[-75.03054,10.35659],[-75.02573,10.35797],[-75.02401,10.36111],[-75.02408,10.36368],[-75.04393,10.37483],[-75.05392,10.38283],[-75.06887,10.40421],[-75.07409,10.40906]]]},"properties":{"MPIO_CCDGO":"620","MPIO_CNMBRE":"SAN CRISTÓBAL","DPTO_CCDGO":"13"}},{"type":"Feature","geometry":{"type":"Polygon","coordinates":[[[-75.13898,10.41067],[-75.13994,10.41271],[-75.14226,10.41271],[-75.14344,10.41783],[-75.15131,10.42419],[-75.15177,10.43128],[-75.15326,10.43479],[-75.15754,10.43845],[-75.1583,10.44294],[-75.16575,10.44741],[-75.16834,10.45173],[-75.17481,10.45511],[-75.1768,10.4555],[-75.17862,10.45211],[-75.19244,10.45],[-75.19588,10.44627],[-75.20498,10.44423],[-75.20954,10.4375],[-75.21434,10.4419],[-75.21903,10.43814],[-75.22547,10.43769],[-75.22573,10.43611],[-75.22793,10.43633],[-75.23064,10.43383],[-75.23289,10.43455],[-75.24004,10.43163],[-75.24243,10.43237],[-75.24355,10.42834],[-75.24938,10.42198],[-75.24881,10.41524],[-75.25087,10.40996],[-75.24949,10.40818],[-75.24882,10.3983],[-75.24225,10.39759],[-75.24071,10.39405],[-75.24465,10.3859],[-75.25454,10.38296],[-75.25772,10.37959],[-75.26542,10.38216],[-75.26577,10.3772],[-75.26854,10.37339],[-75.27465,10.36667],[-75.28074,10.36273],[-75.28128,10.35454],[-75.28478,10.34869],[-75.28496,10.34019],[-75.28901,10.33654],[-75.29395,10.33651],[-75.29617,10.3336],[-75.29219,10.33457],[-75.28929,10.33287],[-75.28761,10.32861],[-75.28194,10.32743],[-75.27598,10.32776],[-75.27325,10.3298],[-75.2726,10.32576],[-75.2622,10.3226],[-75.26186,10.3205],[-75.25769,10.31887],[-75.25789,10.31347],[-75.25205,10.30624],[-75.25819,10.29677],[-75.25228,10.28813],[-75.23581,10.27767],[-75.22534,10.28899],[-75.21978,10.29108],[-75.21108,10.28825],[-75.2063,10.29682],[-75.20167,10.30047],[-75.19728,10.29883],[-75.19835,10.29703],[-75.19783,10.27974],[-75.19547,10.28538],[-75.19029,10.28142],[-75.18545,10.28258],[-75.18609,10.28428],[-75.18398,10.28642],[-75.18852,10.2939],[-75.18393,10.28932],[-75.1878,10.29466],[-75.18431,10.29092],[-75.17907,10.28974],[-75.17688,10.28567],[-75.17316,10.28639],[-75.14921,10.32562],[-75.14769,10.34073],[-75.14996,10.35932],[-75.14376,10.3752],[-75.14144,10.39],[-75.1378,10.39382],[-75.12655,10.39854],[-75.13339,10.40472],[-75.13218,10.40661],[-75.13898,10.41067]]]},"properties":{"MPIO_CCDGO":"647","MPIO_CNMBRE":"SAN ESTANISLAO","DPTO_CCDGO":"13"}},{"type":"Feature","geometry":{"type":"Polygon","coordinates":[[[-74.31319,9.21154],[-74.33124,9.22141],[-74.34196,9.23075],[-74.3489,9.23328],[-74.36,9.23141],[-74.39184,9.2152],[-74.3903,9.21307],[-74.38495,9.21096],[-74.38083,9.21146],[-74.37462,9.20775],[-74.37118,9.19892],[-74.36802,9.19526],[-74.35978,9.19306],[-74.35443,9.18754],[-74.3543,9.18343],[-74.35736,9.18142],[-74.35753,9.17576],[-74.36002,9.17281],[-74.35675,9.16788],[-74.35782,9.16416],[-74.35239,9.16189],[-74.35251,9.15731],[-74.3507,9.1547],[-74.35221,9.15111],[-74.3691,9.15664],[-74.37227,9.14749],[-74.37691,9.15199],[-74.38245,9.1518],[-74.38439,9.14603],[-74.37919,9.13601],[-74.38136,9.13298],[-74.38453,9.1332],[-74.39071,9.13712],[-74.39385,9.14134],[-74.39071,9.14176],[-74.39162,9.14396],[-74.39771,9.14814],[-74.40069,9.147],[-74.40576,9.13826],[-74.41112,9.1416],[-74.41509,9.14183],[-74.42573,9.12386],[-74.43029,9.1229],[-74.43596,9.11766],[-74.44038,9.10771],[-74.43831,9.10453],[-74.43924,9.09869],[-74.44186,9.09672],[-74.44554,9.09887],[-74.44438,9.0938],[-74.45506,9.08242],[-74.45962,9.08136],[-74.45913,9.08443],[-74.46255,9.0878],[-74.46796,9.08768],[-74.47322,9.08073],[-74.48009,9.0791],[-74.47557,9.07545],[-74.4781,9.06365],[-74.46854,9.06385],[-74.46699,9.0621],[-74.46243,9.06181],[-74.46017,9.06489],[-74.4566,9.06325],[-74.45596,9.06066],[-74.45401,9.05975],[-74.44916,9.06466],[-74.44761,9.05944],[-74.45021,9.05691],[-74.45082,9.05381],[-74.44747,9.05229],[-74.44559,9.0429],[-74.44248,9.04076],[-74.44193,9.03593],[-74.43722,9.03109],[-74.43658,9.02909],[-74.43912,9.02475],[-74.43716,9.0206],[-74.4339,9.02071],[-74.43258,9.00927],[-74.41929,9.01831],[-74.38873,9.01779],[-74.35132,9.00863],[-74.33624,8.99668],[-74.33471,8.99091],[-74.33148,8.98712],[-74.3159,8.98231],[-74.31062,8.98364],[-74.3055,8.9827],[-74.3012,8.98745],[-74.29478,8.98817],[-74.28843,8.98419],[-74.27312,8.98436],[-74.27254,8.9865],[-74.26942,8.98682],[-74.2664,8.99139],[-74.26376,8.99159],[-74.26358,8.99547],[-74.26602,8.99652],[-74.27156,8.99581],[-74.27559,8.99135],[-74.28059,8.99011],[-74.28723,8.99777],[-74.28708,9.00817],[-74.28069,9.01841],[-74.28015,9.02593],[-74.27475,9.02808],[-74.27313,9.0342],[-74.26751,9.03692],[-74.26728,9.03951],[-74.26473,9.04123],[-74.26648,9.04521],[-74.27408,9.05352],[-74.28299,9.05616],[-74.28572,9.06459],[-74.28525,9.07141],[-74.28789,9.07378],[-74.29972,9.07902],[-74.30412,9.08262],[-74.30868,9.08187],[-74.30912,9.08683],[-74.31417,9.09437],[-74.31592,9.10007],[-74.31617,9.10716],[-74.32373,9.11449],[-74.32357,9.1216],[-74.31895,9.12777],[-74.32325,9.13434],[-74.3179,9.13705],[-74.30902,9.13614],[-74.30659,9.13349],[-74.30784,9.13161],[-74.30538,9.12828],[-74.3023,9.12773],[-74.30118,9.12452],[-74.30129,9.13451],[-74.30573,9.13725],[-74.3056,9.1405],[-74.30826,9.14188],[-74.29789,9.15349],[-74.30304,9.16603],[-74.29966,9.17702],[-74.29747,9.17689],[-74.291,9.19216],[-74.29645,9.20268],[-74.31319,9.21154]]]},"properties":{"MPIO_CCDGO":"650","MPIO_CNMBRE":"SAN FERNANDO","DPTO_CCDGO":"13"}},{"type":"Feature","geometry":{"type":"Polygon","coordinates":[[[-75.20899,9.92046],[-75.21313,9.92133],[-75.21677,9.91341],[-75.2301,9.90642],[-75.23645,9.89838],[-75.24586,9.89885],[-75.2482,9.89651],[-75.2513,9.89691],[-75.25446,9.89339],[-75.25582,9.89545],[-75.25695,9.89486],[-75.25651,9.89703],[-75.25824,9.89847],[-75.25706,9.8998],[-75.26058,9.90018],[-75.2626,9.89479],[-75.27234,9.89506],[-75.2782,9.89122],[-75.2839,9.89126],[-75.28537,9.88941],[-75.28884,9.89146],[-75.29172,9.88931],[-75.29445,9.8898],[-75.29465,9.89159],[-75.29968,9.89132],[-75.30342,9.88671],[-75.30806,9.88431],[-75.31459,9.88434],[-75.31953,9.87744],[-75.31647,9.87911],[-75.30458,9.8782],[-75.29462,9.87132],[-75.28885,9.87019],[-75.28519,9.87007],[-75.28373,9.87207],[-75.28126,9.87134],[-75.27803,9.87301],[-75.27756,9.86915],[-75.27562,9.86949],[-75.2709,9.86625],[-75.27023,9.86803],[-75.26757,9.86636],[-75.26796,9.86957],[-75.26431,9.86952],[-75.26243,9.86785],[-75.26348,9.87241],[-75.26168,9.8739],[-75.25548,9.87025],[-75.25552,9.86851],[-75.25402,9.86981],[-75.25313,9.86836],[-75.25256,9.86969],[-75.24769,9.86751],[-75.24516,9.86813],[-75.24702,9.8656],[-75.2438,9.86471],[-75.24508,9.86331],[-75.24342,9.86121],[-75.24007,9.86328],[-75.23753,9.86241],[-75.23577,9.85909],[-75.23601,9.84954],[-75.23345,9.83854],[-75.23729,9.83336],[-75.24014,9.82368],[-75.23932,9.82053],[-75.24221,9.81563],[-75.24447,9.80582],[-75.24164,9.80453],[-75.24019,9.80146],[-75.23182,9.79693],[-75.23096,9.78909],[-75.23752,9.78517],[-75.23408,9.7829],[-75.2255,9.78077],[-75.22044,9.78202],[-75.21889,9.78421],[-75.21038,9.78465],[-75.20549,9.78303],[-75.2022,9.78449],[-75.19495,9.78407],[-75.19007,9.78274],[-75.18631,9.77655],[-75.18394,9.77526],[-75.18153,9.77952],[-75.17725,9.77965],[-75.17267,9.78627],[-75.16688,9.78633],[-75.15913,9.78131],[-75.14682,9.77937],[-75.13897,9.76936],[-75.13271,9.76895],[-75.13156,9.76675],[-75.12432,9.76338],[-75.11656,9.76394],[-75.10923,9.75878],[-75.10179,9.7597],[-75.08864,9.76517],[-75.08717,9.76352],[-75.08058,9.7634],[-75.07473,9.76096],[-75.07453,9.76349],[-75.07818,9.76536],[-75.07856,9.77055],[-75.07668,9.77467],[-75.07564,9.77151],[-75.07356,9.77048],[-75.06708,9.77217],[-75.06364,9.77106],[-75.06033,9.77795],[-75.05081,9.78476],[-75.03729,9.77686],[-75.03104,9.78193],[-75.02549,9.78145],[-75.02529,9.78321],[-75.02271,9.78351],[-75.02514,9.78414],[-75.02467,9.78506],[-75.02077,9.78602],[-75.01601,9.78193],[-75.01214,9.78204],[-75.00928,9.77746],[-75.00366,9.7774],[-75.00426,9.77546],[-74.99799,9.77221],[-74.99526,9.76207],[-74.99223,9.75876],[-74.98846,9.75866],[-74.98284,9.76358],[-74.9793,9.76371],[-74.97685,9.76677],[-74.9735,9.76526],[-74.96625,9.7674],[-74.95768,9.76484],[-74.95178,9.76621],[-74.952,9.77373],[-74.93645,9.78252],[-74.93364,9.78639],[-74.91847,9.79795],[-74.92588,9.81167],[-74.92905,9.80985],[-74.93252,9.81084],[-74.93755,9.81377],[-74.94007,9.81775],[-74.94017,9.81994],[-74.93134,9.8327],[-74.93556,9.83605],[-74.93939,9.842],[-74.94341,9.84387],[-74.94885,9.84375],[-74.9504,9.84565],[-74.94722,9.85471],[-74.94431,9.85628],[-74.94324,9.86194],[-74.94014,9.86354],[-74.94177,9.86604],[-74.94375,9.86523],[-74.9453,9.86726],[-74.95151,9.86345],[-74.9594,9.87121],[-74.9712,9.87127],[-74.97469,9.87268],[-74.98416,9.86136],[-74.98775,9.86084],[-74.99151,9.86188],[-74.99366,9.86488],[-75.00225,9.86305],[-75.01323,9.86728],[-75.01699,9.86751],[-75.01883,9.86571],[-75.02449,9.86643],[-75.02965,9.87014],[-75.03946,9.86799],[-75.04982,9.87295],[-75.05501,9.87353],[-75.05453,9.87676],[-75.05157,9.87905],[-75.05065,9.88492],[-75.0518,9.88562],[-75.05002,9.88897],[-75.05188,9.88777],[-75.05491,9.88904],[-75.05797,9.88533],[-75.0595,9.88618],[-75.05997,9.88434],[-75.07259,9.87854],[-75.07555,9.88137],[-75.08173,9.88229],[-75.08577,9.88043],[-75.09451,9.88289],[-75.09918,9.8805],[-75.1021,9.88129],[-75.10363,9.88614],[-75.10592,9.88707],[-75.10874,9.89539],[-75.10779,9.90041],[-75.11038,9.90368],[-75.11224,9.90342],[-75.11298,9.90532],[-75.11566,9.90299],[-75.11938,9.90258],[-75.11914,9.90415],[-75.12372,9.90788],[-75.12626,9.91268],[-75.13001,9.91497],[-75.13304,9.91298],[-75.14942,9.91906],[-75.1554,9.91845],[-75.15981,9.91361],[-75.16488,9.91219],[-75.17112,9.90588],[-75.17571,9.90789],[-75.17826,9.91211],[-75.18491,9.91248],[-75.18696,9.91461],[-75.19431,9.91656],[-75.19669,9.91985],[-75.20294,9.91901],[-75.20899,9.92046]]]},"properties":{"MPIO_CCDGO":"654","MPIO_CNMBRE":"SAN JACINTO","DPTO_CCDGO":"13"}},{"type":"Feature","geometry":{"type":"Polygon","coordinates":[[[-74.52632,8.42093],[-74.53041,8.42552],[-74.53902,8.42802],[-74.54701,8.41796],[-74.55564,8.41161],[-74.56051,8.40016],[-74.56106,8.39007],[-74.56664,8.38975],[-74.57742,8.38561],[-74.58422,8.38573],[-74.58558,8.38417],[-74.58691,8.38412],[-74.58655,8.38577],[-74.59136,8.39063],[-74.59261,8.39401],[-74.59485,8.39329],[-74.59554,8.39509],[-74.59346,8.39791],[-74.59721,8.40177],[-74.59678,8.40325],[-74.60771,8.40683],[-74.61454,8.40654],[-74.61045,8.40081],[-74.61197,8.39238],[-74.61606,8.38541],[-74.6109,8.37568],[-74.61504,8.36216],[-74.61897,8.35739],[-74.61401,8.347],[-74.61854,8.3443],[-74.62094,8.33878],[-74.62343,8.33981],[-74.63194,8.32612],[-74.63782,8.32166],[-74.64026,8.32258],[-74.64443,8.31687],[-74.64925,8.31346],[-74.65119,8.30634],[-74.65025,8.3041],[-74.65169,8.30276],[-74.64986,8.30071],[-74.65192,8.29809],[-74.64959,8.28363],[-74.65349,8.279],[-74.65789,8.27868],[-74.66027,8.28025],[-74.66145,8.28968],[-74.66804,8.29533],[-74.68405,8.29201],[-74.6907,8.29664],[-74.70208,8.29847],[-74.70569,8.3015],[-74.71272,8.30406],[-74.71734,8.30373],[-74.7249,8.29869],[-74.72616,8.29621],[-74.72437,8.29348],[-74.72437,8.28696],[-74.7269,8.28467],[-74.72747,8.28102],[-74.73017,8.28179],[-74.73525,8.28921],[-74.73475,8.29818],[-74.74182,8.29333],[-74.74784,8.29906],[-74.76435,8.29454],[-74.76937,8.28677],[-74.76872,8.28281],[-74.77088,8.27941],[-74.78125,8.27777],[-74.79513,8.26892],[-74.80139,8.27072],[-74.80555,8.27481],[-74.80877,8.27428],[-74.80727,8.25894],[-74.80486,8.25623],[-74.79697,8.25259],[-74.79498,8.24641],[-74.79708,8.24362],[-74.80612,8.24071],[-74.8096,8.23064],[-74.81707,8.2247],[-74.81983,8.22827],[-74.82583,8.23004],[-74.82646,8.22513],[-74.83134,8.22426],[-74.83388,8.22035],[-74.83065,8.20001],[-74.82408,8.19828],[-74.81971,8.18974],[-74.81652,8.19013],[-74.81598,8.18596],[-74.8113,8.18254],[-74.81237,8.16753],[-74.8072,8.16578],[-74.79863,8.15951],[-74.7955,8.14777],[-74.78913,8.14156],[-74.78751,8.13401],[-74.77875,8.12822],[-74.77356,8.12178],[-74.77131,8.12157],[-74.76716,8.12496],[-74.76224,8.12471],[-74.7607,8.13046],[-74.75045,8.12632],[-74.73826,8.11652],[-74.72988,8.11854],[-74.726,8.11696],[-74.72325,8.11107],[-74.72273,8.10484],[-74.71808,8.09813],[-74.71538,8.09727],[-74.7112,8.09937],[-74.70857,8.09594],[-74.70761,8.09124],[-74.70359,8.08862],[-74.69854,8.0881],[-74.69686,8.09093],[-74.69112,8.09025],[-74.68152,8.08244],[-74.67975,8.07875],[-74.67394,8.0779],[-74.67236,8.07247],[-74.66817,8.06691],[-74.669,8.06335],[-74.66768,8.06003],[-74.66118,8.05822],[-74.65905,8.05598],[-74.65663,8.05638],[-74.65026,8.05151],[-74.6429,8.05726],[-74.63092,8.05465],[-74.62809,8.05012],[-74.62568,8.03582],[-74.61463,8.03182],[-74.6151,8.03803],[-74.61299,8.04005],[-74.60992,8.05087],[-74.6166,8.08374],[-74.61873,8.08373],[-74.62569,8.08912],[-74.63015,8.09635],[-74.6382,8.10369],[-74.63942,8.10974],[-74.63554,8.11338],[-74.63533,8.11664],[-74.63768,8.11853],[-74.64514,8.11791],[-74.64964,8.12188],[-74.65144,8.13426],[-74.65921,8.1403],[-74.66022,8.14767],[-74.66254,8.15221],[-74.6649,8.15256],[-74.66831,8.14956],[-74.67104,8.1505],[-74.67092,8.1533],[-74.66734,8.15559],[-74.67107,8.1591],[-74.67147,8.16392],[-74.67753,8.16857],[-74.67837,8.17613],[-74.68251,8.18099],[-74.68373,8.18813],[-74.67972,8.19885],[-74.6766,8.20072],[-74.67641,8.20455],[-74.66636,8.20433],[-74.66598,8.20754],[-74.6636,8.21022],[-74.6681,8.21323],[-74.66899,8.21571],[-74.66575,8.21822],[-74.66668,8.22055],[-74.66399,8.22116],[-74.66446,8.2243],[-74.66181,8.22383],[-74.66052,8.22692],[-74.65493,8.22753],[-74.65329,8.22982],[-74.64869,8.23083],[-74.64452,8.23001],[-74.64212,8.22724],[-74.63995,8.23168],[-74.63742,8.22896],[-74.63484,8.23347],[-74.63136,8.23314],[-74.63058,8.23675],[-74.62776,8.23771],[-74.62845,8.24106],[-74.62063,8.24175],[-74.62257,8.2442],[-74.62207,8.24656],[-74.61957,8.24563],[-74.61691,8.24717],[-74.61349,8.24185],[-74.6135,8.24522],[-74.60763,8.2479],[-74.60626,8.25101],[-74.59975,8.25057],[-74.59568,8.25541],[-74.58886,8.25694],[-74.58707,8.25389],[-74.5846,8.25677],[-74.5831,8.25313],[-74.58047,8.25211],[-74.57602,8.26121],[-74.5662,8.26155],[-74.56636,8.26488],[-74.55661,8.26595],[-74.55588,8.26244],[-74.55017,8.25881],[-74.53996,8.25738],[-74.53555,8.25321],[-74.53232,8.25259],[-74.52534,8.25994],[-74.5254,8.27369],[-74.52344,8.27772],[-74.51494,8.28093],[-74.51367,8.28434],[-74.51078,8.28242],[-74.50271,8.29005],[-74.50166,8.29276],[-74.50491,8.29869],[-74.50314,8.30357],[-74.50807,8.31446],[-74.51377,8.31483],[-74.51744,8.31922],[-74.51788,8.31826],[-74.52188,8.31975],[-74.52666,8.32491],[-74.52315,8.33271],[-74.52405,8.3367],[-74.51875,8.34789],[-74.51933,8.35536],[-74.52436,8.35672],[-74.51824,8.35991],[-74.51663,8.36367],[-74.51771,8.36704],[-74.52254,8.36915],[-74.52654,8.37377],[-74.525,8.3768],[-74.52774,8.38028],[-74.53345,8.37903],[-74.5298,8.38571],[-74.53385,8.38862],[-74.53054,8.39147],[-74.53425,8.38953],[-74.53591,8.39033],[-74.53385,8.39045],[-74.53054,8.39747],[-74.52774,8.39524],[-74.52865,8.39918],[-74.52568,8.3993],[-74.52408,8.39581],[-74.52254,8.40238],[-74.52523,8.40604],[-74.5206,8.40535],[-74.52443,8.40895],[-74.52391,8.41203],[-74.52922,8.41552],[-74.52317,8.42185],[-74.52632,8.42093]]]},"properties":{"MPIO_CCDGO":"655","MPIO_CNMBRE":"SAN JACINTO DEL CAUCA","DPTO_CCDGO":"13"}},{"type":"Feature","geometry":{"type":"Polygon","coordinates":[[[-75.05241,10.12103],[-75.05741,10.12084],[-75.0607,10.11825],[-75.06637,10.11736],[-75.07073,10.11355],[-75.07463,10.11492],[-75.07724,10.1137],[-75.07937,10.11633],[-75.08575,10.11908],[-75.09519,10.10462],[-75.09861,10.10464],[-75.10068,10.09929],[-75.10478,10.09695],[-75.1153,10.10164],[-75.11778,10.11018],[-75.12068,10.11102],[-75.12116,10.11352],[-75.12506,10.11055],[-75.13089,10.11095],[-75.13626,10.10727],[-75.13659,10.1018],[-75.13822,10.10077],[-75.13738,10.09915],[-75.13957,10.09865],[-75.13938,10.09552],[-75.1402,10.09723],[-75.14129,10.09484],[-75.1455,10.09559],[-75.14489,10.091],[-75.1469,10.08673],[-75.15266,10.08886],[-75.15387,10.08803],[-75.15231,10.08405],[-75.15419,10.08229],[-75.15298,10.07843],[-75.16508,10.06835],[-75.17094,10.07032],[-75.17254,10.07633],[-75.18169,10.08011],[-75.18183,10.07828],[-75.18019,10.07766],[-75.18233,10.07445],[-75.17663,10.06533],[-75.17868,10.06424],[-75.17878,10.06004],[-75.18041,10.05824],[-75.1788,10.05642],[-75.18678,10.05022],[-75.19245,10.03989],[-75.19273,10.03531],[-75.19401,10.03686],[-75.20182,10.03573],[-75.20376,10.03902],[-75.20558,10.03912],[-75.21629,10.02859],[-75.21194,10.02425],[-75.22204,10.01074],[-75.22005,10.00952],[-75.21634,10.01226],[-75.21646,10.01038],[-75.21384,10.01031],[-75.21453,10.00764],[-75.2112,10.00543],[-75.20906,9.99435],[-75.21261,9.99109],[-75.21351,9.98596],[-75.2171,9.98088],[-75.2201,9.98109],[-75.22594,9.97535],[-75.22768,9.96847],[-75.22642,9.96581],[-75.23353,9.95889],[-75.2317,9.95767],[-75.23099,9.95233],[-75.23268,9.95265],[-75.23688,9.94736],[-75.23603,9.94583],[-75.24261,9.93881],[-75.24645,9.93001],[-75.25054,9.92838],[-75.25218,9.92404],[-75.2563,9.92123],[-75.24592,9.92226],[-75.2383,9.92147],[-75.23567,9.91963],[-75.23508,9.91653],[-75.24043,9.90962],[-75.23942,9.90729],[-75.23401,9.90404],[-75.23497,9.89971],[-75.2301,9.90642],[-75.21677,9.91341],[-75.21256,9.92156],[-75.20294,9.91901],[-75.19669,9.91985],[-75.19431,9.91656],[-75.18696,9.91461],[-75.18491,9.91248],[-75.17826,9.91211],[-75.17571,9.90789],[-75.17112,9.90588],[-75.16488,9.91219],[-75.15981,9.91361],[-75.15548,9.91841],[-75.14942,9.91906],[-75.13304,9.91298],[-75.12929,9.91467],[-75.12012,9.90537],[-75.11927,9.90252],[-75.11566,9.90299],[-75.11298,9.90532],[-75.11224,9.90342],[-75.11049,9.90377],[-75.10779,9.90041],[-75.10874,9.89539],[-75.10592,9.88707],[-75.10363,9.88614],[-75.10311,9.88245],[-75.10082,9.88085],[-75.09451,9.88289],[-75.08949,9.88045],[-75.08322,9.8808],[-75.08173,9.88229],[-75.07555,9.88137],[-75.07259,9.87854],[-75.05997,9.88434],[-75.0595,9.88618],[-75.05797,9.88533],[-75.05491,9.88904],[-75.05188,9.88777],[-75.05002,9.88897],[-75.0518,9.88562],[-75.05065,9.88492],[-75.05157,9.87905],[-75.05453,9.87676],[-75.05501,9.87353],[-75.04982,9.87295],[-75.03946,9.86799],[-75.02965,9.87014],[-75.02449,9.86643],[-75.01883,9.86571],[-75.01699,9.86751],[-75.01323,9.86728],[-75.00225,9.86305],[-74.99366,9.86488],[-74.99151,9.86188],[-74.98775,9.86084],[-74.98416,9.86136],[-74.97683,9.87121],[-74.97407,9.87268],[-74.9712,9.87127],[-74.9594,9.87121],[-74.95151,9.86345],[-74.94528,9.86726],[-74.94375,9.86523],[-74.94025,9.86502],[-74.9384,9.86213],[-74.9364,9.86374],[-74.92783,9.85996],[-74.92529,9.85643],[-74.91658,9.85741],[-74.91274,9.85562],[-74.90244,9.85939],[-74.89848,9.85714],[-74.89263,9.85993],[-74.88386,9.85812],[-74.8815,9.86121],[-74.88262,9.87174],[-74.87998,9.88896],[-74.87685,9.89603],[-74.87172,9.90194],[-74.87184,9.91172],[-74.87052,9.91334],[-74.8733,9.93567],[-74.87173,9.93783],[-74.86573,9.93985],[-74.86259,9.94398],[-74.86962,9.94276],[-74.87186,9.94391],[-74.87549,9.95618],[-74.87791,9.95759],[-74.8819,9.96575],[-74.8815,9.96884],[-74.88907,9.97327],[-74.89388,9.97223],[-74.9039,9.97754],[-74.90985,9.97856],[-74.91655,9.97741],[-74.91978,9.97505],[-74.92144,9.97183],[-74.92022,9.96943],[-74.92188,9.96874],[-74.94766,9.96812],[-74.95132,9.96547],[-74.95082,9.95968],[-74.95332,9.95685],[-74.95976,9.95555],[-74.96212,9.95704],[-74.96872,9.95069],[-74.97132,9.95232],[-74.97783,9.9629],[-74.98115,9.96539],[-74.98313,9.96487],[-74.99983,9.97613],[-75.00342,9.97443],[-75.00416,9.97153],[-75.00768,9.96834],[-75.01709,9.96826],[-75.0249,9.97319],[-75.02604,9.9758],[-75.01841,9.98336],[-75.01358,9.99774],[-75.01144,10.00022],[-75.0121,10.00429],[-75.00976,10.00498],[-75.01086,10.00572],[-75.00979,10.0081],[-75.01396,10.01011],[-75.01579,10.00911],[-75.01758,10.01171],[-75.02893,10.01185],[-75.03256,10.02217],[-75.03484,10.02474],[-75.04224,10.01749],[-75.04816,10.01756],[-75.05242,10.01977],[-75.0542,10.02287],[-75.06006,10.02331],[-75.0609,10.03449],[-75.05498,10.04552],[-75.0577,10.04819],[-75.05645,10.05676],[-75.04922,10.06453],[-75.04642,10.08133],[-75.03936,10.0915],[-75.03744,10.09161],[-75.03736,10.09968],[-75.03612,10.10116],[-75.03226,10.10055],[-75.0278,10.106],[-75.02879,10.11065],[-75.03184,10.10744],[-75.03374,10.11154],[-75.03932,10.11541],[-75.04166,10.12007],[-75.05241,10.12103]]]},"properties":{"MPIO_CCDGO":"657","MPIO_CNMBRE":"SAN JUAN NEPOMUCENO","DPTO_CCDGO":"13"}},{"type":"Feature","geometry":{"type":"Polygon","coordinates":[[[-73.98069,8.97983],[-73.97767,8.98393],[-73.98358,8.97994],[-73.99608,8.97826],[-74.00284,8.97416],[-74.00608,8.96854],[-74.00608,8.95867],[-74.0088,8.9534],[-74.01718,8.95311],[-74.02556,8.96006],[-74.02786,8.96027],[-74.04887,8.9528],[-74.07182,8.94817],[-74.07751,8.89225],[-74.0706,8.88452],[-74.07075,8.87796],[-74.07718,8.86839],[-74.07566,8.86437],[-74.0771,8.85849],[-74.07535,8.85709],[-74.0708,8.83765],[-74.07263,8.83203],[-74.04508,8.81088],[-74.03696,8.79541],[-74.04173,8.78429],[-74.04683,8.7817],[-74.05412,8.77153],[-74.054,8.76923],[-74.04969,8.76797],[-74.04965,8.75988],[-74.057,8.75735],[-74.06006,8.75406],[-74.05866,8.74787],[-74.05135,8.74101],[-74.05085,8.73607],[-74.05262,8.73312],[-74.05622,8.73093],[-74.0612,8.7231],[-74.06443,8.72261],[-74.06591,8.72441],[-74.06931,8.72288],[-74.07628,8.71266],[-74.08304,8.70942],[-74.08454,8.7053],[-74.08859,8.70159],[-74.0918,8.70165],[-74.09534,8.68841],[-74.10191,8.68226],[-74.10695,8.68195],[-74.11274,8.67489],[-74.1162,8.6733],[-74.11744,8.67426],[-74.1251,8.66615],[-74.12881,8.66661],[-74.13216,8.66368],[-74.13259,8.66089],[-74.1358,8.65995],[-74.13954,8.65596],[-74.12911,8.64839],[-74.12801,8.6449],[-74.1242,8.64322],[-74.1235,8.64031],[-74.12056,8.63846],[-74.11407,8.64343],[-74.11084,8.64131],[-74.10389,8.64318],[-74.09874,8.64026],[-74.09127,8.63897],[-74.08843,8.64396],[-74.08033,8.64786],[-74.07869,8.65346],[-74.0811,8.6587],[-74.07544,8.6636],[-74.07288,8.66264],[-74.06504,8.66417],[-74.06169,8.66237],[-74.05241,8.66525],[-74.0386,8.6563],[-74.02935,8.65597],[-74.01695,8.65925],[-74.00963,8.65934],[-74.00434,8.6673],[-73.99596,8.67397],[-73.99245,8.67269],[-73.99298,8.67038],[-73.9912,8.67047],[-73.9904,8.66622],[-73.98663,8.66349],[-73.98694,8.66108],[-73.98121,8.65548],[-73.97861,8.65559],[-73.97916,8.65794],[-73.97509,8.66255],[-73.97041,8.66292],[-73.9696,8.6597],[-73.96475,8.65586],[-73.96404,8.65062],[-73.96163,8.65256],[-73.95614,8.66456],[-73.94687,8.6723],[-73.94312,8.67369],[-73.94188,8.67868],[-73.93905,8.67885],[-73.9362,8.68589],[-73.94154,8.69405],[-73.93876,8.69727],[-73.94047,8.70113],[-73.93933,8.70391],[-73.93746,8.70229],[-73.93417,8.70361],[-73.93372,8.69603],[-73.93173,8.69873],[-73.92977,8.69846],[-73.92709,8.69598],[-73.92944,8.69446],[-73.92752,8.69158],[-73.92176,8.69235],[-73.92127,8.68839],[-73.91692,8.68867],[-73.90736,8.69492],[-73.90505,8.69932],[-73.90203,8.69882],[-73.90145,8.69513],[-73.89999,8.70164],[-73.88478,8.71276],[-73.8748,8.7095],[-73.87246,8.71015],[-73.87581,8.72336],[-73.88688,8.73666],[-73.89072,8.74516],[-73.89281,8.74493],[-73.89138,8.73712],[-73.89651,8.72606],[-73.90275,8.73099],[-73.90657,8.73187],[-73.916,8.72754],[-73.92126,8.72707],[-73.92716,8.73366],[-73.9326,8.73625],[-73.93017,8.74689],[-73.93376,8.75034],[-73.9383,8.74991],[-73.93875,8.76387],[-73.94176,8.7675],[-73.94132,8.77412],[-73.9443,8.78133],[-73.94414,8.78783],[-73.95112,8.798],[-73.9558,8.79569],[-73.9595,8.80033],[-73.95845,8.80476],[-73.96593,8.81209],[-73.96287,8.81959],[-73.96889,8.83197],[-73.96483,8.83245],[-73.959,8.82717],[-73.95606,8.82796],[-73.95592,8.84019],[-73.95055,8.84962],[-73.95879,8.85826],[-73.96558,8.85714],[-73.96702,8.86403],[-73.9692,8.86471],[-73.97102,8.86231],[-73.97824,8.8734],[-73.97662,8.87828],[-73.97838,8.88415],[-73.97419,8.88895],[-73.97539,8.89214],[-73.96908,8.8936],[-73.96617,8.89664],[-73.96944,8.90056],[-73.96994,8.90587],[-73.97494,8.91029],[-73.9745,8.91296],[-73.97164,8.91573],[-73.97452,8.91951],[-73.97153,8.92489],[-73.97158,8.92784],[-73.9742,8.92928],[-73.97981,8.92679],[-73.98035,8.9283],[-73.9773,8.93184],[-73.98368,8.92575],[-73.98377,8.92955],[-73.98856,8.9374],[-73.98772,8.94537],[-73.98166,8.95101],[-73.98278,8.95334],[-73.98634,8.95505],[-73.98283,8.96302],[-73.98069,8.97983]]]},"properties":{"MPIO_CCDGO":"667","MPIO_CNMBRE":"SAN MARTÍN DE LOBA","DPTO_CCDGO":"13"}},{"type":"Feature","geometry":{"type":"Polygon","coordinates":[[[-74.12678,7.64273],[-74.12921,7.64068],[-74.12564,7.63384],[-74.12829,7.62937],[-74.12699,7.62763],[-74.12793,7.62602],[-74.12653,7.62541],[-74.12828,7.62442],[-74.12916,7.62035],[-74.13207,7.62018],[-74.13203,7.61608],[-74.13517,7.6155],[-74.13371,7.61181],[-74.13401,7.60599],[-74.13147,7.60335],[-74.13242,7.60181],[-74.12918,7.59982],[-74.13385,7.59665],[-74.13598,7.5905],[-74.13951,7.59031],[-74.14024,7.58372],[-74.14848,7.57891],[-74.14823,7.57585],[-74.15062,7.57536],[-74.15104,7.57327],[-74.15514,7.57318],[-74.1544,7.57015],[-74.15857,7.56838],[-74.16181,7.56352],[-74.16524,7.56412],[-74.16943,7.55763],[-74.17295,7.55971],[-74.17259,7.55611],[-74.1796,7.55637],[-74.18187,7.55309],[-74.18426,7.5544],[-74.18623,7.55364],[-74.18806,7.55028],[-74.2002,7.54793],[-74.2002,7.54303],[-74.20389,7.5413],[-74.20426,7.53847],[-74.20645,7.53834],[-74.20689,7.53545],[-74.20858,7.53485],[-74.20698,7.53131],[-74.20981,7.52401],[-74.21342,7.5255],[-74.21736,7.52425],[-74.22029,7.52534],[-74.22257,7.52044],[-74.22551,7.52038],[-74.22619,7.51705],[-74.23344,7.51441],[-74.23526,7.51068],[-74.23781,7.51164],[-74.23907,7.50836],[-74.24426,7.50677],[-74.24451,7.50442],[-74.24992,7.49925],[-74.25162,7.50038],[-74.25117,7.4978],[-74.25285,7.49736],[-74.25188,7.4955],[-74.25993,7.49176],[-74.26269,7.49248],[-74.26206,7.49102],[-74.26489,7.48981],[-74.26484,7.48792],[-74.2661,7.48827],[-74.26851,7.48171],[-74.27005,7.48267],[-74.27208,7.47996],[-74.2744,7.47985],[-74.27488,7.47701],[-74.27953,7.47491],[-74.27873,7.47352],[-74.28666,7.47032],[-74.29074,7.46505],[-74.29407,7.46325],[-74.29552,7.4642],[-74.29746,7.46108],[-74.30238,7.45927],[-74.30669,7.45471],[-74.31243,7.4544],[-74.32106,7.46013],[-74.32343,7.46347],[-74.32579,7.46259],[-74.32907,7.46444],[-74.33406,7.46451],[-74.33953,7.46267],[-74.3406,7.4668],[-74.344,7.47073],[-74.35768,7.47291],[-74.35631,7.46666],[-74.35327,7.4624],[-74.35093,7.46147],[-74.34862,7.46285],[-74.34217,7.4615],[-74.33858,7.45908],[-74.33501,7.45931],[-74.33291,7.45566],[-74.32799,7.45319],[-74.3268,7.44909],[-74.32304,7.44698],[-74.31937,7.43991],[-74.32446,7.43338],[-74.32845,7.43266],[-74.32924,7.42598],[-74.33856,7.41831],[-74.34013,7.41254],[-74.34345,7.41234],[-74.34801,7.40221],[-74.35156,7.39977],[-74.35497,7.39972],[-74.36125,7.39414],[-74.36073,7.38814],[-74.37357,7.37456],[-74.37384,7.36423],[-74.37707,7.36482],[-74.38296,7.36088],[-74.38694,7.36119],[-74.38892,7.35946],[-74.39076,7.35307],[-74.39773,7.34791],[-74.39734,7.34328],[-74.40114,7.33731],[-74.40105,7.33104],[-74.40291,7.33023],[-74.40123,7.32867],[-74.40256,7.32379],[-74.40112,7.32027],[-74.40338,7.31949],[-74.40049,7.3168],[-74.40165,7.3139],[-74.39841,7.31335],[-74.39909,7.31077],[-74.39482,7.30965],[-74.39506,7.3057],[-74.39171,7.30073],[-74.38753,7.30103],[-74.3863,7.29926],[-74.38833,7.29624],[-74.38688,7.29437],[-74.38884,7.2934],[-74.3879,7.28894],[-74.38956,7.28743],[-74.38776,7.28557],[-74.38914,7.28314],[-74.387,7.27887],[-74.38869,7.27622],[-74.38765,7.27487],[-74.38989,7.27304],[-74.38872,7.26632],[-74.38972,7.26345],[-74.39121,7.26398],[-74.39014,7.26084],[-74.39559,7.25762],[-74.39598,7.25277],[-74.39816,7.2495],[-74.39704,7.24419],[-74.39912,7.23511],[-74.40302,7.22957],[-74.40476,7.22826],[-74.40555,7.2294],[-74.40366,7.22602],[-74.40492,7.22324],[-74.40328,7.22197],[-74.40865,7.2192],[-74.40697,7.21904],[-74.40797,7.21585],[-74.40376,7.20996],[-74.40983,7.20203],[-74.40757,7.19991],[-74.4091,7.19412],[-74.40545,7.18905],[-74.39955,7.18889],[-74.39893,7.17884],[-74.39648,7.17641],[-74.39665,7.17178],[-74.39286,7.17399],[-74.3919,7.17285],[-74.39277,7.16944],[-74.38846,7.16451],[-74.38947,7.16084],[-74.38627,7.16191],[-74.38219,7.14782],[-74.37714,7.14313],[-74.37672,7.13174],[-74.37002,7.12521],[-74.36907,7.12186],[-74.37219,7.11806],[-74.36948,7.11448],[-74.36991,7.1114],[-74.37173,7.11031],[-74.36897,7.10568],[-74.37246,7.10437],[-74.37205,7.09816],[-74.36656,7.08982],[-74.36342,7.09166],[-74.36263,7.085],[-74.36138,7.08768],[-74.35742,7.08752],[-74.35481,7.08916],[-74.35144,7.08159],[-74.35196,7.0671],[-74.3535,7.06497],[-74.35052,7.05537],[-74.35312,7.03257],[-74.35489,7.03023],[-74.35275,7.02319],[-74.35585,7.01931],[-74.3544,7.01725],[-74.3557,7.0099],[-74.34915,7.01247],[-74.344,7.01121],[-74.33469,7.01242],[-74.32948,7.01071],[-74.32824,7.01415],[-74.32216,7.01886],[-74.31915,7.01776],[-74.31819,7.01378],[-74.31448,7.0106],[-74.3137,7.00593],[-74.30807,7.00623],[-74.30991,7.00314],[-74.30803,7.00002],[-74.30568,6.99918],[-74.30163,7.00292],[-74.29581,7.00362],[-74.29289,7.00576],[-74.29145,7.00338],[-74.28635,7.00188],[-74.28426,7.01039],[-74.29444,7.01653],[-74.29353,7.02084],[-74.28856,7.02136],[-74.28577,7.02421],[-74.28235,7.02341],[-74.27809,7.02634],[-74.27785,7.03228],[-74.27619,7.0351],[-74.27891,7.03965],[-74.26835,7.05501],[-74.26809,7.05781],[-74.2648,7.06166],[-74.26536,7.0642],[-74.26202,7.06593],[-74.26324,7.06658],[-74.2619,7.06941],[-74.25307,7.07456],[-74.24664,7.08683],[-74.24574,7.08466],[-74.23966,7.08641],[-74.2404,7.08852],[-74.23807,7.09251],[-74.23637,7.09214],[-74.23463,7.09945],[-74.22978,7.09909],[-74.2238,7.10266],[-74.2227,7.10589],[-74.22571,7.11268],[-74.22579,7.11741],[-74.22744,7.11609],[-74.23236,7.11747],[-74.23604,7.12176],[-74.23556,7.12933],[-74.23818,7.1311],[-74.23877,7.13498],[-74.23682,7.1372],[-74.23696,7.14171],[-74.2253,7.1543],[-74.22981,7.15559],[-74.23235,7.16124],[-74.23635,7.16065],[-74.2396,7.16356],[-74.24115,7.17043],[-74.24368,7.17284],[-74.24755,7.17239],[-74.25003,7.17393],[-74.25029,7.17606],[-74.2743,7.18186],[-74.275,7.18495],[-74.2806,7.18835],[-74.28818,7.20498],[-74.28879,7.20954],[-74.28524,7.21307],[-74.2886,7.21789],[-74.2881,7.22106],[-74.2899,7.22219],[-74.28747,7.22805],[-74.28916,7.2275],[-74.28939,7.2301],[-74.29069,7.23015],[-74.28739,7.23836],[-74.29124,7.24154],[-74.28574,7.24409],[-74.28412,7.24335],[-74.28259,7.24768],[-74.27807,7.2482],[-74.27527,7.25161],[-74.26753,7.24929],[-74.26198,7.25125],[-74.25884,7.2475],[-74.25627,7.24821],[-74.24409,7.26198],[-74.22979,7.2612],[-74.22506,7.26336],[-74.21977,7.26302],[-74.2141,7.26751],[-74.21134,7.27409],[-74.20767,7.27551],[-74.20555,7.27405],[-74.19899,7.27708],[-74.19724,7.27652],[-74.19786,7.27547],[-74.1943,7.2762],[-74.19253,7.2804],[-74.18277,7.28391],[-74.18276,7.28641],[-74.17547,7.29108],[-74.16497,7.29194],[-74.1572,7.28869],[-74.15476,7.29075],[-74.15313,7.28926],[-74.14925,7.28962],[-74.14831,7.28754],[-74.14509,7.2862],[-74.14226,7.28695],[-74.13913,7.29372],[-74.13463,7.29368],[-74.1359,7.29176],[-74.13468,7.28803],[-74.13261,7.29061],[-74.12493,7.29082],[-74.12276,7.29928],[-74.12384,7.30088],[-74.12639,7.30088],[-74.12491,7.30575],[-74.12839,7.31034],[-74.13024,7.31684],[-74.14413,7.31528],[-74.14846,7.32446],[-74.1383,7.32514],[-74.13522,7.33776],[-74.12691,7.3431],[-74.12267,7.34153],[-74.12131,7.3478],[-74.11639,7.34949],[-74.11551,7.35392],[-74.11419,7.35362],[-74.11247,7.35754],[-74.10946,7.35869],[-74.10799,7.36119],[-74.1086,7.36369],[-74.10052,7.36328],[-74.09708,7.36808],[-74.09843,7.37168],[-74.09587,7.37225],[-74.08806,7.38474],[-74.08239,7.38502],[-74.07175,7.38152],[-74.065,7.38284],[-74.05937,7.38049],[-74.05595,7.38129],[-74.05628,7.38265],[-74.05473,7.38083],[-74.0505,7.38159],[-74.04505,7.37121],[-74.04325,7.37191],[-74.04212,7.37618],[-74.03683,7.37483],[-74.03549,7.37041],[-74.03403,7.37255],[-74.03176,7.37224],[-74.0296,7.37617],[-74.023,7.37709],[-74.01904,7.38102],[-74.01885,7.37876],[-74.01689,7.37766],[-74.01332,7.38016],[-74.01334,7.38185],[-74.00838,7.38419],[-74.00745,7.38852],[-74.00434,7.3882],[-74.00201,7.39168],[-73.99746,7.39167],[-73.9957,7.39014],[-73.98649,7.39912],[-73.97807,7.39918],[-73.97965,7.40585],[-73.97583,7.41319],[-73.97345,7.41512],[-73.96445,7.41509],[-73.96164,7.42052],[-73.95133,7.43054],[-73.89542,7.43007],[-73.89605,7.4334],[-73.90137,7.44113],[-73.90301,7.44816],[-73.90886,7.45338],[-73.90817,7.46075],[-73.90942,7.46469],[-73.91735,7.47263],[-73.91308,7.4936],[-73.90997,7.49795],[-73.90391,7.50121],[-73.88154,7.50628],[-73.87966,7.50816],[-73.87766,7.51711],[-73.86995,7.52405],[-73.86658,7.53314],[-73.85393,7.53229],[-73.84923,7.53467],[-73.8407,7.56616],[-73.83054,7.5757],[-73.82802,7.59368],[-73.82871,7.60244],[-73.81441,7.61017],[-73.81031,7.61657],[-73.81197,7.62675],[-73.81852,7.63645],[-73.81843,7.64281],[-73.81202,7.64689],[-73.80338,7.64453],[-73.79968,7.64659],[-73.79731,7.65439],[-73.80891,7.66983],[-73.81175,7.68092],[-73.81567,7.68816],[-73.81552,7.69176],[-73.81881,7.69481],[-73.82559,7.69111],[-73.83616,7.69212],[-73.83842,7.69851],[-73.85366,7.70646],[-73.87815,7.72425],[-73.88241,7.72223],[-73.87869,7.72103],[-73.88063,7.71724],[-73.87919,7.71512],[-73.87972,7.71259],[-73.88168,7.71161],[-73.88916,7.71356],[-73.89265,7.71218],[-73.8964,7.70888],[-73.89514,7.70806],[-73.89608,7.70403],[-73.90742,7.70482],[-73.90898,7.70234],[-73.91146,7.70509],[-73.91348,7.70366],[-73.91865,7.70562],[-73.92757,7.69904],[-73.93197,7.70013],[-73.93622,7.69787],[-73.944,7.70236],[-73.95164,7.70217],[-73.9604,7.70857],[-73.96361,7.70856],[-73.97193,7.71239],[-73.97484,7.71586],[-73.97886,7.71673],[-73.97891,7.71306],[-73.96425,7.70495],[-73.96423,7.69712],[-73.96025,7.68998],[-73.9577,7.69185],[-73.94947,7.69018],[-73.94721,7.68456],[-73.94246,7.68125],[-73.94294,7.67978],[-73.93405,7.67294],[-73.93689,7.67333],[-73.94184,7.67079],[-73.94322,7.67448],[-73.94399,7.67187],[-73.94552,7.6718],[-73.94483,7.67406],[-73.94601,7.67313],[-73.94596,7.67513],[-73.94769,7.6759],[-73.94554,7.67681],[-73.94812,7.67714],[-73.94942,7.68007],[-73.95475,7.6793],[-73.95606,7.68189],[-73.95979,7.68377],[-73.95826,7.68528],[-73.95968,7.68695],[-73.96483,7.68116],[-73.96688,7.68105],[-73.96795,7.67832],[-73.97303,7.67597],[-73.97675,7.67849],[-73.98538,7.67905],[-73.98667,7.67698],[-73.98956,7.67758],[-73.99181,7.68004],[-73.99113,7.68241],[-73.99239,7.68395],[-73.99689,7.68025],[-74.00895,7.67895],[-74.01318,7.6831],[-74.0115,7.68636],[-74.01732,7.68497],[-74.02007,7.68609],[-74.02195,7.68089],[-74.02402,7.68305],[-74.02935,7.6822],[-74.03775,7.67673],[-74.05034,7.67176],[-74.05441,7.67196],[-74.06195,7.66725],[-74.0629,7.66422],[-74.06908,7.66754],[-74.07039,7.66567],[-74.0736,7.66549],[-74.07638,7.66167],[-74.08353,7.66245],[-74.08368,7.66056],[-74.08915,7.6558],[-74.09698,7.6512],[-74.09886,7.65421],[-74.10278,7.65345],[-74.10562,7.65098],[-74.10726,7.65148],[-74.11175,7.6469],[-74.11372,7.65041],[-74.11464,7.64636],[-74.11889,7.64502],[-74.12054,7.64185],[-74.12397,7.64369],[-74.12678,7.64273]]]},"properties":{"MPIO_CCDGO":"670","MPIO_CNMBRE":"SAN PABLO","DPTO_CCDGO":"13"}},{"type":"Feature","geometry":{"type":"Polygon","coordinates":[[[-75.24416,10.73316],[-75.24297,10.74023],[-75.24003,10.74394],[-75.24119,10.74748],[-75.23025,10.75662],[-75.23076,10.75847],[-75.2281,10.76068],[-75.22725,10.77184],[-75.23285,10.77696],[-75.2439,10.77789],[-75.24955,10.77703],[-75.25081,10.77521],[-75.25442,10.77726],[-75.25291,10.78083],[-75.26413,10.78188],[-75.26575,10.77637],[-75.27084,10.77848],[-75.27189,10.76584],[-75.27228,10.74609],[-75.27039,10.74236],[-75.26915,10.74916],[-75.27085,10.7544],[-75.27013,10.75714],[-75.26745,10.7544],[-75.26582,10.73684],[-75.27464,10.72717],[-75.27468,10.71821],[-75.27647,10.71404],[-75.28341,10.70839],[-75.29384,10.70298],[-75.29027,10.69778],[-75.29091,10.69436],[-75.28783,10.69139],[-75.28932,10.67975],[-75.29129,10.67825],[-75.28892,10.67564],[-75.28896,10.67121],[-75.2869,10.66965],[-75.28936,10.66551],[-75.29143,10.66545],[-75.29124,10.66007],[-75.29424,10.65786],[-75.29418,10.65626],[-75.29606,10.65681],[-75.30003,10.65327],[-75.30247,10.64337],[-75.30813,10.6362],[-75.31329,10.63655],[-75.31367,10.63532],[-75.31725,10.63672],[-75.31971,10.63343],[-75.32914,10.63256],[-75.33101,10.62961],[-75.33301,10.62999],[-75.33585,10.63392],[-75.33975,10.63183],[-75.34038,10.63274],[-75.34095,10.63064],[-75.34214,10.63156],[-75.34337,10.63016],[-75.34323,10.62731],[-75.34468,10.62711],[-75.3465,10.62157],[-75.34338,10.61874],[-75.34352,10.6148],[-75.33467,10.60906],[-75.32556,10.61861],[-75.32264,10.61169],[-75.31338,10.60671],[-75.31123,10.60396],[-75.3095,10.60127],[-75.31186,10.60184],[-75.31469,10.59811],[-75.30549,10.58862],[-75.3011,10.58838],[-75.29647,10.59317],[-75.29217,10.58154],[-75.29418,10.57621],[-75.29283,10.57043],[-75.29533,10.56339],[-75.29252,10.55526],[-75.28801,10.55448],[-75.28338,10.55922],[-75.27541,10.55922],[-75.26704,10.5523],[-75.25787,10.54731],[-75.25402,10.56069],[-75.2469,10.55729],[-75.24389,10.5541],[-75.24235,10.55954],[-75.23655,10.5562],[-75.23939,10.54946],[-75.24357,10.54686],[-75.24365,10.54246],[-75.24574,10.54273],[-75.24462,10.54164],[-75.24808,10.54024],[-75.25106,10.5338],[-75.25339,10.53234],[-75.25122,10.53169],[-75.25127,10.52882],[-75.25559,10.52484],[-75.25135,10.51394],[-75.24856,10.51447],[-75.24477,10.51166],[-75.24411,10.50743],[-75.24785,10.50466],[-75.24202,10.50406],[-75.23659,10.51164],[-75.23861,10.51331],[-75.23919,10.51704],[-75.23634,10.52855],[-75.22552,10.54109],[-75.22524,10.54372],[-75.22804,10.54916],[-75.22325,10.55294],[-75.2255,10.55967],[-75.23396,10.55845],[-75.23696,10.56771],[-75.23455,10.57458],[-75.22836,10.58275],[-75.22763,10.59275],[-75.22649,10.59275],[-75.22531,10.59749],[-75.22707,10.59919],[-75.22544,10.60331],[-75.22769,10.60655],[-75.2264,10.60956],[-75.22901,10.61444],[-75.225,10.61733],[-75.22518,10.62089],[-75.22319,10.62268],[-75.22482,10.6286],[-75.22362,10.63086],[-75.22786,10.63808],[-75.22866,10.64436],[-75.24186,10.65414],[-75.23895,10.6586],[-75.2406,10.66816],[-75.24297,10.66747],[-75.24679,10.67782],[-75.24262,10.68429],[-75.24308,10.68994],[-75.24803,10.69663],[-75.24687,10.70159],[-75.24852,10.70286],[-75.24457,10.71669],[-75.24875,10.71891],[-75.24808,10.72188],[-75.24953,10.72297],[-75.2449,10.73079],[-75.24524,10.72794],[-75.2417,10.73221],[-75.24416,10.73316]]]},"properties":{"MPIO_CCDGO":"673","MPIO_CNMBRE":"SANTA CATALINA","DPTO_CCDGO":"13"}},{"type":"Feature","geometry":{"type":"Polygon","coordinates":[[[-75.37037,10.5429],[-75.37157,10.54004],[-75.36941,10.53621],[-75.37209,10.53256],[-75.38015,10.53248],[-75.38936,10.53623],[-75.39135,10.53306],[-75.39055,10.52269],[-75.39216,10.52686],[-75.39558,10.51623],[-75.40056,10.51879],[-75.40414,10.51099],[-75.41269,10.472],[-75.41091,10.45927],[-75.41596,10.4391],[-75.42346,10.42626],[-75.44004,10.41481],[-75.42303,10.40227],[-75.40595,10.40188],[-75.38999,10.40625],[-75.38295,10.41047],[-75.36975,10.41108],[-75.36002,10.4182],[-75.35969,10.42541],[-75.3503,10.41819],[-75.33589,10.41425],[-75.33095,10.42097],[-75.3285,10.42176],[-75.3281,10.42612],[-75.3201,10.42849],[-75.31369,10.4332],[-75.30898,10.43367],[-75.30713,10.43792],[-75.30943,10.44415],[-75.30803,10.44553],[-75.30271,10.44779],[-75.29905,10.44756],[-75.29889,10.46],[-75.29667,10.46214],[-75.29321,10.47151],[-75.29886,10.47937],[-75.3008,10.48781],[-75.3006,10.49192],[-75.29606,10.49739],[-75.29908,10.50272],[-75.30134,10.5123],[-75.30651,10.51318],[-75.30569,10.51814],[-75.30792,10.51816],[-75.3093,10.52222],[-75.31101,10.52166],[-75.31375,10.52357],[-75.31401,10.5265],[-75.31117,10.52761],[-75.31203,10.53624],[-75.31329,10.53692],[-75.31507,10.53529],[-75.31672,10.52551],[-75.32125,10.52195],[-75.3238,10.52207],[-75.32394,10.52549],[-75.32698,10.52515],[-75.32952,10.52276],[-75.33385,10.52384],[-75.33856,10.52095],[-75.3414,10.52237],[-75.3451,10.53273],[-75.35786,10.5369],[-75.36171,10.53549],[-75.36395,10.538],[-75.36613,10.53806],[-75.36575,10.54175],[-75.37037,10.5429]]]},"properties":{"MPIO_CCDGO":"683","MPIO_CNMBRE":"SANTA ROSA","DPTO_CCDGO":"13"}},{"type":"Feature","geometry":{"type":"Polygon","coordinates":[[[-74.15257,7.57625],[-74.15624,7.58674],[-74.15949,7.58888],[-74.16243,7.59387],[-74.16669,7.5928],[-74.16652,7.59417],[-74.17098,7.59733],[-74.17391,7.59749],[-74.17388,7.59943],[-74.17587,7.59819],[-74.18229,7.59852],[-74.1849,7.60038],[-74.19202,7.59885],[-74.19831,7.59436],[-74.20465,7.5936],[-74.21396,7.58816],[-74.2222,7.58504],[-74.22423,7.58568],[-74.22426,7.58794],[-74.22675,7.58879],[-74.22536,7.59458],[-74.231,7.59988],[-74.22939,7.60374],[-74.2295,7.61087],[-74.23106,7.61526],[-74.23452,7.61724],[-74.23317,7.62243],[-74.2363,7.62504],[-74.22479,7.63568],[-74.22545,7.64313],[-74.2304,7.65336],[-74.22893,7.65832],[-74.22675,7.65936],[-74.22688,7.66628],[-74.22478,7.66732],[-74.22641,7.67047],[-74.2248,7.6714],[-74.22417,7.67696],[-74.22135,7.6822],[-74.21863,7.68334],[-74.21627,7.6899],[-74.21679,7.6934],[-74.21248,7.69889],[-74.21213,7.70158],[-74.20607,7.70362],[-74.19679,7.70289],[-74.19004,7.70423],[-74.17537,7.70979],[-74.16911,7.70749],[-74.16418,7.71104],[-74.15963,7.71148],[-74.15484,7.7158],[-74.1472,7.71635],[-74.13842,7.72058],[-74.1361,7.72412],[-74.13736,7.72635],[-74.13619,7.73223],[-74.1247,7.7403],[-74.12885,7.74287],[-74.13791,7.74205],[-74.13973,7.74364],[-74.15659,7.73881],[-74.16655,7.74286],[-74.17191,7.7428],[-74.17506,7.73989],[-74.1775,7.74206],[-74.17335,7.74866],[-74.16935,7.74929],[-74.1662,7.7558],[-74.16162,7.75957],[-74.15928,7.76085],[-74.15394,7.75919],[-74.15245,7.76003],[-74.15202,7.76605],[-74.14952,7.77013],[-74.14466,7.77072],[-74.14301,7.76942],[-74.13498,7.77373],[-74.13524,7.77758],[-74.13785,7.77862],[-74.13864,7.7811],[-74.13577,7.78599],[-74.13868,7.78796],[-74.13618,7.80034],[-74.13848,7.80268],[-74.13729,7.80605],[-74.14033,7.80647],[-74.1359,7.80798],[-74.13667,7.81447],[-74.13509,7.81886],[-74.11513,7.81738],[-74.10515,7.81942],[-74.10432,7.81787],[-74.1024,7.81926],[-74.10309,7.81829],[-74.10075,7.81673],[-74.09995,7.81969],[-74.09397,7.82128],[-74.08978,7.82459],[-74.0883,7.82886],[-74.08447,7.83179],[-74.07614,7.83289],[-74.06813,7.83653],[-74.05128,7.8552],[-74.04893,7.86241],[-74.05021,7.86723],[-74.0482,7.86797],[-74.04725,7.87094],[-74.04807,7.87965],[-74.04519,7.88519],[-74.0399,7.88915],[-74.03523,7.88966],[-74.0292,7.89294],[-74.02647,7.89829],[-74.01131,7.91062],[-74.00849,7.90926],[-74.00587,7.91209],[-74.00401,7.9109],[-74.00497,7.91471],[-74.00146,7.9308],[-73.99341,7.94453],[-73.99014,7.95532],[-73.99295,7.98259],[-73.99438,7.98517],[-73.99206,7.99005],[-73.99085,7.99863],[-73.99293,8.00289],[-73.99309,8.02533],[-73.98888,8.0315],[-73.9831,8.03103],[-73.97901,8.03451],[-73.98159,8.03756],[-73.98584,8.03899],[-73.98596,8.0448],[-73.9926,8.045],[-73.99033,8.04899],[-73.98797,8.04926],[-73.99171,8.05236],[-73.99224,8.05504],[-73.99641,8.054],[-74.0001,8.05888],[-74.0059,8.05886],[-74.00794,8.06106],[-74.00728,8.066],[-73.99993,8.0693],[-74.00079,8.07408],[-74.00374,8.07709],[-74.02648,8.07532],[-74.0338,8.08326],[-74.04091,8.08351],[-74.04645,8.08603],[-74.0443,8.09122],[-74.04718,8.09418],[-74.05004,8.10605],[-74.04329,8.11241],[-74.03943,8.11148],[-74.04007,8.11478],[-74.03725,8.11573],[-74.03677,8.12012],[-74.03905,8.12942],[-74.0355,8.1336],[-74.0329,8.13332],[-74.03115,8.13509],[-74.03156,8.14051],[-74.03807,8.14895],[-74.0398,8.1555],[-74.03651,8.16176],[-74.02751,8.16863],[-74.0238,8.17438],[-74.02379,8.17654],[-74.02587,8.176],[-74.0277,8.17865],[-74.03862,8.17161],[-74.04695,8.16426],[-74.04813,8.16092],[-74.05552,8.16089],[-74.05927,8.1567],[-74.06359,8.15901],[-74.07001,8.15782],[-74.07762,8.16284],[-74.08655,8.15967],[-74.09094,8.16325],[-74.09454,8.16287],[-74.09677,8.15902],[-74.10527,8.15616],[-74.10683,8.15045],[-74.11714,8.1449],[-74.12275,8.13615],[-74.1293,8.13562],[-74.12946,8.13349],[-74.15362,8.12236],[-74.17456,8.10689],[-74.17937,8.10565],[-74.18099,8.10704],[-74.18499,8.10661],[-74.1898,8.1049],[-74.20297,8.1101],[-74.21024,8.10799],[-74.21447,8.11192],[-74.21999,8.10842],[-74.23306,8.10813],[-74.24023,8.1104],[-74.24753,8.10838],[-74.24925,8.10575],[-74.25546,8.10351],[-74.26108,8.10474],[-74.26795,8.08077],[-74.27409,8.075],[-74.2722,8.0701],[-74.27768,8.06192],[-74.27645,8.05553],[-74.27884,8.04943],[-74.28355,8.04472],[-74.29115,8.04245],[-74.29838,8.03216],[-74.29758,8.02851],[-74.29432,8.02804],[-74.29177,8.02367],[-74.28683,8.02241],[-74.28545,8.01827],[-74.27894,8.01051],[-74.2761,8.00448],[-74.2764,8.00191],[-74.26793,7.99959],[-74.26866,7.99513],[-74.26646,7.99367],[-74.26572,7.98698],[-74.2615,7.97931],[-74.26192,7.97551],[-74.25647,7.96406],[-74.25674,7.94829],[-74.26125,7.94174],[-74.27573,7.93005],[-74.27823,7.92987],[-74.28603,7.92424],[-74.29488,7.92232],[-74.29739,7.91975],[-74.30096,7.92517],[-74.31321,7.92869],[-74.31735,7.92631],[-74.31876,7.92091],[-74.32524,7.92229],[-74.3316,7.92084],[-74.33151,7.91404],[-74.32863,7.90998],[-74.33341,7.90434],[-74.34298,7.9005],[-74.34586,7.89786],[-74.34911,7.8896],[-74.34808,7.88144],[-74.33832,7.87639],[-74.3411,7.8698],[-74.33993,7.86596],[-74.35447,7.85408],[-74.35556,7.85107],[-74.36253,7.84554],[-74.37148,7.83492],[-74.3713,7.83289],[-74.35958,7.83005],[-74.35779,7.82846],[-74.3579,7.82509],[-74.36509,7.8111],[-74.37974,7.79547],[-74.38699,7.79284],[-74.41079,7.79344],[-74.4308,7.80141],[-74.43987,7.80259],[-74.45125,7.78859],[-74.45427,7.77561],[-74.45245,7.77459],[-74.45024,7.76608],[-74.45329,7.7555],[-74.45066,7.75069],[-74.45159,7.74611],[-74.4485,7.74307],[-74.45114,7.73908],[-74.44926,7.7348],[-74.45417,7.72405],[-74.45223,7.71888],[-74.45967,7.71447],[-74.45772,7.71332],[-74.45904,7.71038],[-74.45702,7.70589],[-74.45865,7.69601],[-74.45518,7.69565],[-74.45602,7.691],[-74.45056,7.69054],[-74.4508,7.68466],[-74.44606,7.6842],[-74.4454,7.67926],[-74.44727,7.67873],[-74.44664,7.68073],[-74.44899,7.68099],[-74.45154,7.67636],[-74.44978,7.67489],[-74.45274,7.66954],[-74.45647,7.67221],[-74.46025,7.67039],[-74.45904,7.66529],[-74.46391,7.65859],[-74.46698,7.64338],[-74.46223,7.64147],[-74.46243,7.6395],[-74.46053,7.63975],[-74.46163,7.63428],[-74.46009,7.62997],[-74.46291,7.6301],[-74.46461,7.62822],[-74.46239,7.62506],[-74.46478,7.62153],[-74.46803,7.62073],[-74.46913,7.61818],[-74.47304,7.61781],[-74.47583,7.61381],[-74.47438,7.61245],[-74.4713,7.61364],[-74.47187,7.61075],[-74.46939,7.60877],[-74.47007,7.60414],[-74.46681,7.60034],[-74.46742,7.59622],[-74.46971,7.59384],[-74.46778,7.58935],[-74.46872,7.58386],[-74.46669,7.57874],[-74.46983,7.57629],[-74.47214,7.57771],[-74.47401,7.57588],[-74.47263,7.57306],[-74.47358,7.56987],[-74.47161,7.56861],[-74.4755,7.56477],[-74.47406,7.5602],[-74.4761,7.55912],[-74.47783,7.56008],[-74.48137,7.55652],[-74.48526,7.55636],[-74.48689,7.55326],[-74.49344,7.55117],[-74.4988,7.54169],[-74.49818,7.53923],[-74.49289,7.5376],[-74.49307,7.52976],[-74.49074,7.52991],[-74.4924,7.52275],[-74.48889,7.51154],[-74.48906,7.49843],[-74.49095,7.49345],[-74.48965,7.48893],[-74.49144,7.48568],[-74.49546,7.48665],[-74.49857,7.48312],[-74.50655,7.48016],[-74.5077,7.49072],[-74.51285,7.49345],[-74.51627,7.49295],[-74.51746,7.49225],[-74.51676,7.49008],[-74.51942,7.48965],[-74.51966,7.49322],[-74.5277,7.50072],[-74.52957,7.49955],[-74.52911,7.49363],[-74.53349,7.49144],[-74.53202,7.48663],[-74.53394,7.48454],[-74.53325,7.4792],[-74.53528,7.48035],[-74.53663,7.4887],[-74.54068,7.48688],[-74.54558,7.48917],[-74.54546,7.47327],[-74.54842,7.47175],[-74.55392,7.47379],[-74.55516,7.4667],[-74.56435,7.46143],[-74.5695,7.4603],[-74.57042,7.45686],[-74.56649,7.45194],[-74.56876,7.44579],[-74.56825,7.44153],[-74.56424,7.43887],[-74.55902,7.41448],[-74.54812,7.41155],[-74.54423,7.40575],[-74.53427,7.40045],[-74.52715,7.38958],[-74.51811,7.38488],[-74.51567,7.38023],[-74.50792,7.37251],[-74.50569,7.36192],[-74.4942,7.34446],[-74.48631,7.34361],[-74.47376,7.34577],[-74.46989,7.34762],[-74.46764,7.35209],[-74.4679,7.36073],[-74.45227,7.36619],[-74.44812,7.37772],[-74.43856,7.38068],[-74.42838,7.38026],[-74.42284,7.38382],[-74.41941,7.38859],[-74.4131,7.40173],[-74.41595,7.41573],[-74.41188,7.43958],[-74.41307,7.44097],[-74.42159,7.4405],[-74.4223,7.4422],[-74.41245,7.46035],[-74.40107,7.46054],[-74.37981,7.46596],[-74.37499,7.47038],[-74.37058,7.48001],[-74.36102,7.47698],[-74.35615,7.47181],[-74.344,7.47073],[-74.3406,7.4668],[-74.33953,7.46267],[-74.33406,7.46451],[-74.32907,7.46444],[-74.32579,7.46259],[-74.32343,7.46347],[-74.32106,7.46013],[-74.31243,7.4544],[-74.30669,7.45471],[-74.30238,7.45927],[-74.29746,7.46108],[-74.29552,7.4642],[-74.29407,7.46325],[-74.29074,7.46505],[-74.28666,7.47032],[-74.27873,7.47352],[-74.27953,7.47491],[-74.27488,7.47701],[-74.2744,7.47985],[-74.27208,7.47996],[-74.27005,7.48267],[-74.26851,7.48171],[-74.2661,7.48827],[-74.26484,7.48792],[-74.26489,7.48981],[-74.26206,7.49102],[-74.26269,7.49248],[-74.25993,7.49176],[-74.25188,7.4955],[-74.25285,7.49736],[-74.25117,7.4978],[-74.25162,7.50038],[-74.24992,7.49925],[-74.24451,7.50442],[-74.24426,7.50677],[-74.23907,7.50836],[-74.23781,7.51164],[-74.23526,7.51068],[-74.23344,7.51441],[-74.22619,7.51705],[-74.22551,7.52038],[-74.22257,7.52044],[-74.22029,7.52534],[-74.21736,7.52425],[-74.21342,7.5255],[-74.20981,7.52401],[-74.20698,7.53131],[-74.20858,7.53485],[-74.20689,7.53545],[-74.20645,7.53834],[-74.20426,7.53847],[-74.20389,7.5413],[-74.2002,7.54303],[-74.2002,7.54793],[-74.18806,7.55028],[-74.18623,7.55364],[-74.18426,7.5544],[-74.18187,7.55309],[-74.1796,7.55637],[-74.17259,7.55611],[-74.17295,7.55971],[-74.16943,7.55763],[-74.16524,7.56412],[-74.16181,7.56352],[-74.15857,7.56838],[-74.1544,7.57015],[-74.15532,7.57287],[-74.15251,7.57321],[-74.15356,7.5744],[-74.15257,7.57625]]]},"properties":{"MPIO_CCDGO":"688","MPIO_CNMBRE":"SANTA ROSA DEL SUR","DPTO_CCDGO":"13"}},{"type":"Feature","geometry":{"type":"Polygon","coordinates":[[[-74.12678,7.64273],[-74.12397,7.64369],[-74.12054,7.64185],[-74.11889,7.64502],[-74.11464,7.64636],[-74.11372,7.65041],[-74.11175,7.6469],[-74.10726,7.65148],[-74.10562,7.65098],[-74.10278,7.65345],[-74.09886,7.65421],[-74.09698,7.6512],[-74.08915,7.6558],[-74.08368,7.66056],[-74.08353,7.66245],[-74.07638,7.66167],[-74.0736,7.66549],[-74.07039,7.66567],[-74.06908,7.66754],[-74.0629,7.66422],[-74.06195,7.66725],[-74.05441,7.67196],[-74.05034,7.67176],[-74.03775,7.67673],[-74.02935,7.6822],[-74.02402,7.68305],[-74.02195,7.68089],[-74.02007,7.68609],[-74.01732,7.68497],[-74.0115,7.68636],[-74.01318,7.6831],[-74.00895,7.67895],[-73.99689,7.68025],[-73.99239,7.68395],[-73.99113,7.68241],[-73.99181,7.68004],[-73.98956,7.67758],[-73.98667,7.67698],[-73.98538,7.67905],[-73.97675,7.67849],[-73.97303,7.67597],[-73.96795,7.67832],[-73.96688,7.68105],[-73.96483,7.68116],[-73.95968,7.68695],[-73.95826,7.68528],[-73.95979,7.68377],[-73.95606,7.68189],[-73.95475,7.6793],[-73.94942,7.68007],[-73.94812,7.67714],[-73.94554,7.67681],[-73.94769,7.6759],[-73.94596,7.67513],[-73.94601,7.67313],[-73.94483,7.67406],[-73.94552,7.6718],[-73.94399,7.67187],[-73.94322,7.67448],[-73.94184,7.67079],[-73.93689,7.67333],[-73.93405,7.67294],[-73.94294,7.67978],[-73.94246,7.68125],[-73.94721,7.68456],[-73.94947,7.69018],[-73.9577,7.69185],[-73.96025,7.68998],[-73.96423,7.69712],[-73.96425,7.70495],[-73.97891,7.71306],[-73.97874,7.71679],[-73.97484,7.71586],[-73.97193,7.71239],[-73.96361,7.70856],[-73.9604,7.70857],[-73.95164,7.70217],[-73.944,7.70236],[-73.93622,7.69787],[-73.93197,7.70013],[-73.92757,7.69904],[-73.91865,7.70562],[-73.91348,7.70366],[-73.91146,7.70509],[-73.90898,7.70234],[-73.90742,7.70482],[-73.89608,7.70403],[-73.89514,7.70806],[-73.8964,7.70888],[-73.89265,7.71218],[-73.88916,7.71356],[-73.88168,7.71161],[-73.87972,7.71259],[-73.87919,7.71512],[-73.88063,7.71724],[-73.87869,7.72103],[-73.88241,7.72223],[-73.87815,7.72425],[-73.85366,7.70646],[-73.83842,7.69851],[-73.83528,7.69173],[-73.82559,7.69111],[-73.81985,7.69481],[-73.81552,7.69176],[-73.81095,7.70212],[-73.81235,7.70891],[-73.82057,7.71911],[-73.83062,7.72715],[-73.83168,7.73156],[-73.82777,7.73885],[-73.81647,7.74464],[-73.80508,7.75955],[-73.79802,7.77173],[-73.79814,7.77499],[-73.8063,7.79171],[-73.80954,7.80688],[-73.82163,7.82303],[-73.81984,7.84786],[-73.82237,7.8561],[-73.82121,7.86489],[-73.83397,7.88504],[-73.83537,7.89623],[-73.8356,7.90327],[-73.8326,7.91234],[-73.83381,7.92714],[-73.83115,7.93201],[-73.83159,7.93587],[-73.83922,7.95035],[-73.86144,7.97128],[-73.86731,7.98189],[-73.87168,8.01877],[-73.86647,8.0531],[-73.86712,8.06114],[-73.86755,8.06362],[-73.8705,8.06582],[-73.87043,8.0732],[-73.87717,8.07537],[-73.87898,8.0839],[-73.88248,8.08866],[-73.88024,8.09252],[-73.87503,8.09636],[-73.87481,8.10128],[-73.88262,8.11384],[-73.88085,8.11939],[-73.9015,8.12169],[-73.9039,8.12936],[-73.90681,8.12926],[-73.91008,8.13263],[-73.91463,8.13039],[-73.91798,8.1339],[-73.9175,8.13586],[-73.91894,8.13802],[-73.92029,8.13731],[-73.92316,8.14568],[-73.93048,8.14514],[-73.93741,8.14895],[-73.94007,8.14458],[-73.94116,8.14971],[-73.94562,8.15063],[-73.94413,8.15273],[-73.94496,8.15431],[-73.95034,8.15525],[-73.95283,8.15874],[-73.95797,8.15993],[-73.96029,8.16245],[-73.95432,8.16772],[-73.96103,8.17184],[-73.96191,8.17476],[-73.96775,8.17308],[-73.9756,8.17584],[-73.9771,8.17326],[-73.98519,8.17079],[-73.99304,8.17258],[-73.99432,8.17154],[-73.99565,8.17319],[-74.00047,8.17069],[-74.00672,8.17159],[-74.00698,8.1747],[-74.00863,8.17391],[-74.01199,8.17561],[-74.0142,8.1786],[-74.01805,8.17562],[-74.01931,8.17876],[-74.02347,8.17546],[-74.02751,8.16863],[-74.03651,8.16176],[-74.0398,8.1555],[-74.03807,8.14895],[-74.03156,8.14051],[-74.03103,8.13551],[-74.0329,8.13332],[-74.0355,8.1336],[-74.03905,8.12942],[-74.03677,8.12012],[-74.03725,8.11573],[-74.04007,8.11478],[-74.03943,8.11148],[-74.04329,8.11241],[-74.05004,8.10605],[-74.04718,8.09418],[-74.0443,8.09122],[-74.04645,8.08603],[-74.04091,8.08351],[-74.0338,8.08326],[-74.02648,8.07532],[-74.00351,8.07692],[-74.00079,8.07408],[-73.99993,8.0693],[-74.00728,8.066],[-74.00794,8.06106],[-74.0059,8.05886],[-74.0001,8.05888],[-73.99641,8.054],[-73.99224,8.05504],[-73.99171,8.05236],[-73.98797,8.04926],[-73.99033,8.04899],[-73.9926,8.045],[-73.98596,8.0448],[-73.98584,8.03899],[-73.98159,8.03756],[-73.97901,8.03451],[-73.9831,8.03103],[-73.98888,8.0315],[-73.99309,8.02533],[-73.99293,8.00289],[-73.99085,7.99863],[-73.99206,7.99005],[-73.99438,7.98517],[-73.99295,7.98259],[-73.99014,7.95532],[-73.99341,7.94453],[-74.00146,7.9308],[-74.00497,7.91471],[-74.00401,7.9109],[-74.00587,7.91209],[-74.00849,7.90926],[-74.01131,7.91062],[-74.02647,7.89829],[-74.0292,7.89294],[-74.03523,7.88966],[-74.0399,7.88915],[-74.04519,7.88519],[-74.04807,7.87965],[-74.04725,7.87094],[-74.0482,7.86797],[-74.05021,7.86723],[-74.04893,7.86241],[-74.05128,7.8552],[-74.06813,7.83653],[-74.07614,7.83289],[-74.08447,7.83179],[-74.0883,7.82886],[-74.08978,7.82459],[-74.09397,7.82128],[-74.09995,7.81969],[-74.10075,7.81673],[-74.10311,7.81833],[-74.1022,7.81919],[-74.10441,7.81787],[-74.10496,7.81941],[-74.11502,7.81739],[-74.13511,7.81884],[-74.13667,7.81447],[-74.1359,7.80798],[-74.14033,7.80647],[-74.13729,7.80605],[-74.13848,7.80268],[-74.13618,7.80034],[-74.13868,7.78796],[-74.13577,7.78599],[-74.13864,7.7811],[-74.13785,7.77862],[-74.13524,7.77758],[-74.13498,7.77373],[-74.14301,7.76942],[-74.14466,7.77072],[-74.14952,7.77013],[-74.15202,7.76605],[-74.15245,7.76003],[-74.15394,7.75919],[-74.15928,7.76085],[-74.16162,7.75957],[-74.1662,7.7558],[-74.16935,7.74929],[-74.17335,7.74866],[-74.1775,7.74206],[-74.17506,7.73989],[-74.17191,7.7428],[-74.16655,7.74286],[-74.15659,7.73881],[-74.13973,7.74364],[-74.13791,7.74205],[-74.12885,7.74287],[-74.1247,7.7403],[-74.13619,7.73223],[-74.13736,7.72635],[-74.1361,7.72412],[-74.13842,7.72058],[-74.1472,7.71635],[-74.15484,7.7158],[-74.15963,7.71148],[-74.16418,7.71104],[-74.16911,7.70749],[-74.17537,7.70979],[-74.19004,7.70423],[-74.19679,7.70289],[-74.20607,7.70362],[-74.2123,7.70133],[-74.21248,7.69889],[-74.21679,7.6934],[-74.21627,7.6899],[-74.21863,7.68334],[-74.22135,7.6822],[-74.22417,7.67696],[-74.2248,7.6714],[-74.22641,7.67047],[-74.22478,7.66732],[-74.22688,7.66628],[-74.22675,7.65936],[-74.22893,7.65832],[-74.2304,7.65336],[-74.22545,7.64313],[-74.22479,7.63568],[-74.2363,7.62504],[-74.23317,7.62243],[-74.23452,7.61724],[-74.23106,7.61526],[-74.2295,7.61087],[-74.22939,7.60374],[-74.231,7.59988],[-74.22528,7.59437],[-74.22675,7.58879],[-74.2222,7.58504],[-74.20467,7.59359],[-74.19831,7.59436],[-74.19222,7.59879],[-74.1849,7.60038],[-74.18229,7.59852],[-74.17587,7.59819],[-74.17388,7.59943],[-74.17391,7.59749],[-74.17098,7.59733],[-74.16652,7.59417],[-74.16669,7.5928],[-74.16243,7.59387],[-74.1538,7.58233],[-74.15256,7.57625],[-74.15356,7.5744],[-74.15104,7.57327],[-74.15062,7.57536],[-74.14823,7.57585],[-74.14848,7.57891],[-74.14024,7.58372],[-74.13951,7.59031],[-74.13598,7.5905],[-74.13385,7.59665],[-74.12925,7.59956],[-74.13235,7.60168],[-74.13151,7.60352],[-74.13401,7.60599],[-74.13371,7.61181],[-74.13517,7.6155],[-74.13203,7.61608],[-74.13207,7.62018],[-74.12916,7.62035],[-74.12828,7.62442],[-74.12653,7.62541],[-74.12793,7.62602],[-74.12699,7.62763],[-74.12829,7.62937],[-74.12564,7.63384],[-74.12921,7.64068],[-74.12678,7.64273]]]},"properties":{"MPIO_CCDGO":"744","MPIO_CNMBRE":"SIMITÍ","DPTO_CCDGO":"13"}},{"type":"Feature","geometry":{"type":"Polygon","coordinates":[[[-75.06993,10.3443],[-75.07125,10.34756],[-75.07247,10.34727],[-75.08124,10.33647],[-75.08418,10.33835],[-75.0825,10.34017],[-75.08351,10.34158],[-75.0818,10.3455],[-75.10917,10.34532],[-75.10924,10.37556],[-75.11168,10.37843],[-75.10778,10.37947],[-75.1049,10.37768],[-75.10126,10.38],[-75.09737,10.38581],[-75.0908,10.3861],[-75.0937,10.38933],[-75.09246,10.39339],[-75.0869,10.3963],[-75.08681,10.39768],[-75.08938,10.41042],[-75.10758,10.40383],[-75.12006,10.40201],[-75.1378,10.39382],[-75.14197,10.38858],[-75.14585,10.36773],[-75.14965,10.36118],[-75.14769,10.34073],[-75.14921,10.32562],[-75.17316,10.28639],[-75.16648,10.2869],[-75.16405,10.28975],[-75.16278,10.28612],[-75.16125,10.2878],[-75.16217,10.289],[-75.15764,10.29383],[-75.15432,10.2941],[-75.14721,10.29115],[-75.14207,10.2863],[-75.14004,10.28653],[-75.13666,10.28186],[-75.13198,10.28173],[-75.13006,10.27799],[-75.13064,10.27565],[-75.12671,10.2708],[-75.12077,10.27197],[-75.11719,10.27087],[-75.11314,10.27291],[-75.10497,10.27152],[-75.09482,10.27513],[-75.09085,10.27902],[-75.08598,10.27992],[-75.0838,10.28135],[-75.08919,10.28009],[-75.08672,10.30551],[-75.08117,10.30764],[-75.07539,10.30735],[-75.0676,10.31932],[-75.0685,10.3271],[-75.06218,10.32473],[-75.06738,10.33242],[-75.06993,10.3443]]]},"properties":{"MPIO_CCDGO":"760","MPIO_CNMBRE":"SOPLAVIENTO","DPTO_CCDGO":"13"}},{"type":"Feature","geometry":{"type":"Polygon","coordinates":[[[-74.65885,9.38525],[-74.66357,9.38981],[-74.66894,9.40051],[-74.67182,9.41258],[-74.69083,9.41911],[-74.69889,9.42686],[-74.71315,9.41963],[-74.72267,9.4173],[-74.73192,9.41874],[-74.73635,9.4216],[-74.73913,9.42601],[-74.74345,9.41619],[-74.75365,9.40284],[-74.75615,9.39628],[-74.75563,9.38546],[-74.74362,9.36643],[-74.72898,9.35604],[-74.70375,9.34545],[-74.68893,9.33737],[-74.68485,9.33318],[-74.6806,9.32537],[-74.67802,9.30139],[-74.67303,9.28795],[-74.669,9.28961],[-74.65945,9.28406],[-74.65858,9.28605],[-74.65362,9.28806],[-74.65102,9.29293],[-74.62349,9.29183],[-74.62771,9.28317],[-74.62732,9.27726],[-74.62926,9.27598],[-74.62373,9.2698],[-74.62148,9.26998],[-74.61888,9.26281],[-74.6223,9.26072],[-74.63104,9.25963],[-74.63434,9.25356],[-74.63237,9.25293],[-74.63218,9.25077],[-74.63456,9.25081],[-74.63816,9.24329],[-74.64461,9.23766],[-74.64286,9.2299],[-74.64903,9.22655],[-74.65004,9.21945],[-74.65865,9.21068],[-74.65853,9.20473],[-74.65714,9.20352],[-74.65591,9.20469],[-74.65248,9.20074],[-74.6534,9.19633],[-74.65038,9.19152],[-74.64905,9.19054],[-74.64704,9.19174],[-74.64418,9.20078],[-74.63629,9.20105],[-74.62839,9.19291],[-74.62353,9.19973],[-74.61949,9.1997],[-74.61366,9.19652],[-74.61299,9.19857],[-74.61,9.19938],[-74.60737,9.20485],[-74.60321,9.20605],[-74.6002,9.20435],[-74.59764,9.20493],[-74.59638,9.21105],[-74.5934,9.21146],[-74.59245,9.21365],[-74.59525,9.21624],[-74.59293,9.21811],[-74.58544,9.2162],[-74.58628,9.21314],[-74.585,9.21079],[-74.5799,9.21142],[-74.57287,9.2092],[-74.56394,9.21891],[-74.56413,9.22051],[-74.57056,9.22281],[-74.57179,9.22565],[-74.56804,9.23052],[-74.56071,9.23317],[-74.55649,9.2377],[-74.54469,9.24229],[-74.5306,9.24213],[-74.53372,9.26099],[-74.53853,9.26756],[-74.54748,9.27446],[-74.55592,9.28874],[-74.56081,9.29295],[-74.56344,9.30549],[-74.56243,9.30617],[-74.56592,9.31462],[-74.57789,9.32051],[-74.59297,9.32393],[-74.61571,9.34145],[-74.61353,9.3609],[-74.61546,9.36701],[-74.6211,9.37437],[-74.62944,9.37916],[-74.65266,9.38263],[-74.65885,9.38525]]]},"properties":{"MPIO_CCDGO":"780","MPIO_CNMBRE":"TALAIGUA NUEVO","DPTO_CCDGO":"13"}},{"type":"Feature","geometry":{"type":"Polygon","coordinates":[[[-74.37057,8.66022],[-74.37543,8.66438],[-74.36884,8.64152],[-74.36339,8.63761],[-74.36283,8.63387],[-74.3651,8.63147],[-74.36519,8.62767],[-74.36202,8.62581],[-74.35945,8.62106],[-74.35224,8.62248],[-74.34412,8.62071],[-74.33209,8.61067],[-74.32225,8.60649],[-74.3287,8.59478],[-74.33178,8.59367],[-74.33956,8.58518],[-74.34475,8.58372],[-74.34753,8.57999],[-74.34635,8.57384],[-74.3475,8.56551],[-74.34112,8.55636],[-74.34271,8.55423],[-74.34236,8.54997],[-74.34465,8.54977],[-74.34846,8.54475],[-74.34591,8.53771],[-74.3486,8.53605],[-74.3518,8.53824],[-74.35526,8.53832],[-74.35704,8.53511],[-74.36498,8.53285],[-74.36726,8.52848],[-74.36705,8.52505],[-74.36954,8.5269],[-74.37426,8.5272],[-74.37749,8.5321],[-74.39136,8.52747],[-74.39301,8.52578],[-74.39128,8.52396],[-74.39322,8.52293],[-74.39049,8.5214],[-74.39056,8.51983],[-74.39419,8.51735],[-74.39959,8.5183],[-74.3904,8.51048],[-74.38542,8.50162],[-74.37295,8.4994],[-74.36846,8.49599],[-74.35982,8.49562],[-74.35608,8.49284],[-74.35246,8.49246],[-74.35568,8.48912],[-74.36213,8.48677],[-74.36316,8.48158],[-74.3721,8.4803],[-74.37573,8.4783],[-74.37808,8.47463],[-74.37613,8.46702],[-74.38143,8.45897],[-74.38394,8.46051],[-74.38593,8.45887],[-74.38844,8.46094],[-74.39137,8.4593],[-74.39243,8.4629],[-74.39575,8.46137],[-74.39981,8.46439],[-74.39758,8.46655],[-74.39828,8.46919],[-74.40212,8.46666],[-74.41054,8.46974],[-74.41361,8.46767],[-74.41716,8.46052],[-74.41667,8.45808],[-74.42095,8.45177],[-74.42413,8.45024],[-74.42858,8.43904],[-74.43768,8.43752],[-74.44442,8.4342],[-74.44473,8.43152],[-74.44316,8.42961],[-74.44422,8.41821],[-74.44242,8.40796],[-74.44709,8.40026],[-74.44544,8.39038],[-74.44363,8.38854],[-74.44469,8.38338],[-74.44048,8.38113],[-74.43502,8.37129],[-74.42611,8.36622],[-74.42586,8.36128],[-74.42753,8.35861],[-74.43029,8.34131],[-74.4258,8.336],[-74.42728,8.33216],[-74.4177,8.33124],[-74.41276,8.32606],[-74.41246,8.32289],[-74.40772,8.31684],[-74.40098,8.31549],[-74.39277,8.317],[-74.38892,8.31546],[-74.37692,8.31657],[-74.37413,8.31435],[-74.37501,8.31178],[-74.37174,8.30503],[-74.36619,8.29965],[-74.35735,8.29991],[-74.35381,8.29796],[-74.3475,8.29941],[-74.34562,8.29797],[-74.34207,8.28706],[-74.34229,8.27642],[-74.33398,8.30862],[-74.32894,8.30889],[-74.30801,8.31911],[-74.29289,8.33705],[-74.29109,8.3438],[-74.27687,8.35225],[-74.27653,8.35622],[-74.28187,8.36304],[-74.28126,8.36505],[-74.26605,8.36912],[-74.26034,8.38149],[-74.24934,8.38577],[-74.24753,8.39123],[-74.2385,8.39975],[-74.23794,8.40208],[-74.24064,8.40722],[-74.23833,8.41251],[-74.23873,8.41633],[-74.23147,8.42899],[-74.2383,8.43106],[-74.2455,8.43031],[-74.25172,8.43537],[-74.25703,8.43533],[-74.25795,8.43892],[-74.25603,8.43943],[-74.25608,8.44335],[-74.25184,8.44374],[-74.24762,8.45106],[-74.24192,8.45245],[-74.23077,8.46071],[-74.22702,8.46491],[-74.22661,8.46773],[-74.22487,8.46725],[-74.22261,8.46954],[-74.22079,8.46772],[-74.21856,8.46853],[-74.21525,8.4707],[-74.21185,8.4765],[-74.20758,8.47718],[-74.20498,8.4802],[-74.20679,8.48508],[-74.20346,8.49232],[-74.19823,8.49329],[-74.19693,8.49604],[-74.19346,8.49696],[-74.18835,8.50132],[-74.18756,8.50779],[-74.18293,8.50938],[-74.18038,8.50789],[-74.17007,8.51694],[-74.16697,8.51322],[-74.16528,8.51637],[-74.1577,8.52072],[-74.15767,8.52334],[-74.15616,8.52423],[-74.1572,8.52638],[-74.15458,8.52863],[-74.15516,8.53213],[-74.16093,8.53402],[-74.162,8.53665],[-74.16003,8.53866],[-74.16268,8.53953],[-74.16215,8.54157],[-74.15857,8.54213],[-74.15844,8.54388],[-74.16626,8.54991],[-74.16256,8.55454],[-74.16299,8.55903],[-74.16029,8.5592],[-74.15984,8.56184],[-74.16101,8.56503],[-74.16447,8.56631],[-74.16692,8.57254],[-74.1653,8.57631],[-74.1574,8.57867],[-74.15744,8.5837],[-74.15551,8.58753],[-74.15691,8.59301],[-74.15336,8.59832],[-74.14852,8.61334],[-74.14483,8.61776],[-74.1432,8.62706],[-74.13774,8.63447],[-74.13683,8.63368],[-74.13453,8.63572],[-74.13384,8.63854],[-74.13707,8.64565],[-74.13679,8.65434],[-74.16073,8.65386],[-74.16188,8.65727],[-74.164,8.65803],[-74.17213,8.65567],[-74.17444,8.65748],[-74.17593,8.656],[-74.18425,8.65665],[-74.18716,8.6585],[-74.19346,8.65537],[-74.20092,8.6558],[-74.2049,8.65343],[-74.20614,8.65018],[-74.21021,8.64947],[-74.26838,8.65341],[-74.35033,8.65254],[-74.35217,8.65587],[-74.35544,8.65405],[-74.35898,8.65438],[-74.35585,8.65934],[-74.36017,8.65861],[-74.36027,8.66173],[-74.3675,8.66175],[-74.37057,8.66022]]]},"properties":{"MPIO_CCDGO":"810","MPIO_CNMBRE":"TIQUISIO","DPTO_CCDGO":"13"}},{"type":"Feature","geometry":{"type":"Polygon","coordinates":[[[-75.35952,10.42529],[-75.36002,10.4182],[-75.37001,10.41099],[-75.38295,10.41047],[-75.38999,10.40625],[-75.40595,10.40188],[-75.42296,10.4023],[-75.42468,10.39592],[-75.43736,10.39053],[-75.44762,10.39517],[-75.45153,10.39536],[-75.45139,10.38955],[-75.45744,10.38162],[-75.45904,10.37977],[-75.4614,10.38285],[-75.46435,10.37586],[-75.47605,10.36403],[-75.46243,10.34861],[-75.46323,10.32766],[-75.44217,10.3157],[-75.44167,10.31009],[-75.43549,10.30932],[-75.43996,10.30419],[-75.43359,10.29658],[-75.43152,10.30177],[-75.42853,10.30312],[-75.4249,10.30399],[-75.41981,10.30265],[-75.41682,10.29982],[-75.41739,10.29809],[-75.41272,10.29821],[-75.41205,10.28535],[-75.40845,10.28218],[-75.39832,10.27756],[-75.39149,10.27666],[-75.3836,10.27168],[-75.38937,10.28187],[-75.38941,10.28444],[-75.38622,10.28685],[-75.38412,10.29159],[-75.37397,10.29412],[-75.3732,10.29784],[-75.35462,10.29548],[-75.35468,10.29958],[-75.35124,10.29992],[-75.34853,10.30454],[-75.34275,10.30692],[-75.33742,10.30535],[-75.32388,10.3169],[-75.32292,10.31931],[-75.32443,10.32455],[-75.32267,10.32828],[-75.32173,10.32715],[-75.31792,10.32846],[-75.31345,10.32337],[-75.30646,10.32151],[-75.30227,10.33347],[-75.30275,10.3369],[-75.30006,10.33864],[-75.2962,10.33367],[-75.29395,10.33651],[-75.28901,10.33654],[-75.28577,10.3392],[-75.28391,10.34365],[-75.28478,10.34869],[-75.28109,10.35548],[-75.28194,10.35799],[-75.28055,10.36219],[-75.28343,10.36599],[-75.29269,10.36214],[-75.29796,10.37299],[-75.30023,10.37351],[-75.30373,10.37847],[-75.30718,10.3803],[-75.30959,10.3889],[-75.31543,10.39226],[-75.31879,10.40342],[-75.32184,10.40312],[-75.32672,10.40638],[-75.3274,10.41089],[-75.33005,10.41166],[-75.33278,10.41039],[-75.33766,10.4157],[-75.3503,10.41819],[-75.35952,10.42529]]]},"properties":{"MPIO_CCDGO":"836","MPIO_CNMBRE":"TURBACO","DPTO_CCDGO":"13"}},{"type":"Feature","geometry":{"type":"Polygon","coordinates":[[[-75.46693,10.31948],[-75.47468,10.32079],[-75.4826,10.31886],[-75.48221,10.30091],[-75.47887,10.29587],[-75.47789,10.2846],[-75.47478,10.27876],[-75.47263,10.27887],[-75.47106,10.27374],[-75.47601,10.27317],[-75.47633,10.27956],[-75.48054,10.28518],[-75.48618,10.28358],[-75.48724,10.27468],[-75.48992,10.26811],[-75.49307,10.26491],[-75.49161,10.25867],[-75.48678,10.25607],[-75.48736,10.25458],[-75.4926,10.25279],[-75.49372,10.24977],[-75.49646,10.24927],[-75.49928,10.25324],[-75.50046,10.25027],[-75.50102,10.24648],[-75.48336,10.24],[-75.48942,10.21496],[-75.51729,10.2104],[-75.50368,10.16247],[-75.5172,10.16194],[-75.51983,10.16382],[-75.52064,10.16787],[-75.52883,10.17037],[-75.53384,10.1755],[-75.53415,10.17219],[-75.53614,10.17283],[-75.53579,10.17518],[-75.53956,10.17574],[-75.54055,10.17835],[-75.53533,10.18159],[-75.53724,10.18335],[-75.53618,10.18638],[-75.53745,10.18751],[-75.54069,10.18469],[-75.54217,10.17912],[-75.54689,10.18053],[-75.55168,10.17807],[-75.55449,10.17828],[-75.55301,10.17236],[-75.54724,10.17553],[-75.54301,10.17356],[-75.54146,10.16968],[-75.544,10.16574],[-75.54463,10.15968],[-75.54167,10.16186],[-75.53907,10.16694],[-75.53625,10.16687],[-75.534,10.16299],[-75.53146,10.1644],[-75.53174,10.16673],[-75.52991,10.16785],[-75.52949,10.16644],[-75.53371,10.1606],[-75.54322,10.15538],[-75.54696,10.14602],[-75.5558,10.14097],[-75.55648,10.13429],[-75.56412,10.12359],[-75.57017,10.12199],[-75.57598,10.12673],[-75.57906,10.12702],[-75.58074,10.12549],[-75.58085,10.11604],[-75.57362,10.08643],[-75.49748,10.14548],[-75.49411,10.14967],[-75.48456,10.15443],[-75.47372,10.15369],[-75.46418,10.15946],[-75.45594,10.15801],[-75.45083,10.15931],[-75.44629,10.16371],[-75.44243,10.16486],[-75.44086,10.1669],[-75.4415,10.16916],[-75.43904,10.17206],[-75.43675,10.17174],[-75.43492,10.18804],[-75.43789,10.19349],[-75.43971,10.20857],[-75.42726,10.20835],[-75.41489,10.21483],[-75.41011,10.21454],[-75.40737,10.21692],[-75.40271,10.21721],[-75.40081,10.22075],[-75.40221,10.22332],[-75.40111,10.22724],[-75.39919,10.2283],[-75.40009,10.22995],[-75.3863,10.23646],[-75.38728,10.24194],[-75.38591,10.24264],[-75.38834,10.24496],[-75.38576,10.24811],[-75.39,10.25323],[-75.3836,10.27168],[-75.39149,10.27666],[-75.39832,10.27756],[-75.40845,10.28218],[-75.41205,10.28535],[-75.41272,10.29821],[-75.41739,10.29809],[-75.41682,10.29982],[-75.41936,10.30242],[-75.42471,10.30398],[-75.42853,10.30312],[-75.43152,10.30177],[-75.43359,10.29658],[-75.43996,10.30419],[-75.43549,10.30932],[-75.45575,10.31433],[-75.46693,10.31948]]]},"properties":{"MPIO_CCDGO":"838","MPIO_CNMBRE":"TURBANA","DPTO_CCDGO":"13"}},{"type":"Feature","geometry":{"type":"Polygon","coordinates":[[[-75.24802,10.50492],[-75.24893,10.50823],[-75.26095,10.51127],[-75.25968,10.52039],[-75.26864,10.52343],[-75.27219,10.52769],[-75.27393,10.52419],[-75.28422,10.51782],[-75.28996,10.52294],[-75.29179,10.51903],[-75.29371,10.52005],[-75.29462,10.51834],[-75.29961,10.51851],[-75.30227,10.52027],[-75.30737,10.51976],[-75.30835,10.52181],[-75.30966,10.521],[-75.30786,10.51811],[-75.30569,10.51814],[-75.30651,10.51318],[-75.30134,10.5123],[-75.29908,10.50272],[-75.29606,10.49739],[-75.3006,10.49192],[-75.3008,10.48781],[-75.29886,10.47937],[-75.29321,10.47151],[-75.29667,10.46214],[-75.29889,10.46],[-75.29905,10.44756],[-75.30271,10.44779],[-75.30803,10.44553],[-75.30943,10.44415],[-75.30713,10.43792],[-75.30898,10.43367],[-75.31369,10.4332],[-75.3201,10.42849],[-75.3281,10.42612],[-75.3285,10.42176],[-75.33095,10.42097],[-75.33597,10.4135],[-75.33278,10.41039],[-75.33005,10.41166],[-75.3274,10.41089],[-75.32672,10.40638],[-75.32184,10.40312],[-75.31864,10.40327],[-75.31543,10.39226],[-75.30959,10.3889],[-75.30718,10.3803],[-75.30373,10.37847],[-75.30023,10.37351],[-75.29796,10.37299],[-75.29269,10.36214],[-75.28343,10.36599],[-75.28074,10.36273],[-75.27465,10.36667],[-75.26585,10.37703],[-75.26542,10.38216],[-75.25772,10.37959],[-75.25454,10.38296],[-75.24465,10.3859],[-75.24071,10.39405],[-75.24225,10.39759],[-75.24882,10.3983],[-75.24949,10.40818],[-75.25087,10.40996],[-75.24881,10.41524],[-75.24938,10.42198],[-75.24355,10.42834],[-75.24243,10.43237],[-75.24004,10.43163],[-75.23289,10.43455],[-75.23064,10.43383],[-75.22793,10.43633],[-75.22573,10.43611],[-75.22547,10.43769],[-75.21903,10.43814],[-75.21434,10.4419],[-75.20954,10.4375],[-75.20498,10.44423],[-75.19588,10.44627],[-75.19244,10.45],[-75.19525,10.44886],[-75.20522,10.45804],[-75.20027,10.47044],[-75.20697,10.47141],[-75.20856,10.47528],[-75.21442,10.47489],[-75.22195,10.48061],[-75.22446,10.48054],[-75.2263,10.47606],[-75.22866,10.47578],[-75.22963,10.47827],[-75.23357,10.47928],[-75.23542,10.48942],[-75.24066,10.49559],[-75.24163,10.50417],[-75.24802,10.50492]]]},"properties":{"MPIO_CCDGO":"873","MPIO_CNMBRE":"VILLANUEVA","DPTO_CCDGO":"13"}},{"type":"Feature","geometry":{"type":"Polygon","coordinates":[[[-74.87798,9.8581],[-74.88235,9.87235],[-74.8815,9.86121],[-74.88386,9.85812],[-74.89263,9.85993],[-74.89848,9.85714],[-74.90244,9.85939],[-74.91274,9.85562],[-74.91723,9.85745],[-74.92248,9.8561],[-74.92582,9.85661],[-74.92771,9.85989],[-74.93635,9.86372],[-74.93831,9.86212],[-74.94189,9.86355],[-74.94442,9.85608],[-74.94722,9.85471],[-74.95042,9.84616],[-74.94952,9.84417],[-74.93939,9.842],[-74.93128,9.83246],[-74.94017,9.81994],[-74.93941,9.8164],[-74.93252,9.81084],[-74.92905,9.80985],[-74.92588,9.81167],[-74.91847,9.79795],[-74.93364,9.78639],[-74.93645,9.78252],[-74.952,9.77373],[-74.9516,9.76568],[-74.95844,9.75493],[-74.95276,9.7552],[-74.94929,9.74915],[-74.96438,9.73955],[-74.96206,9.7364],[-74.96482,9.73215],[-74.96337,9.72981],[-74.96633,9.72568],[-74.96176,9.71138],[-74.95467,9.70689],[-74.95306,9.7039],[-74.95538,9.69732],[-74.95436,9.694],[-74.95564,9.68992],[-74.96119,9.68082],[-74.95692,9.67653],[-74.94647,9.6736],[-74.94354,9.67058],[-74.9323,9.66527],[-74.92677,9.66735],[-74.91936,9.66426],[-74.89783,9.66599],[-74.89382,9.66271],[-74.89113,9.65716],[-74.88786,9.65694],[-74.88145,9.65973],[-74.87223,9.65976],[-74.86436,9.6516],[-74.85763,9.65311],[-74.79074,9.65264],[-74.80193,9.66427],[-74.80575,9.67553],[-74.8054,9.67854],[-74.80186,9.68335],[-74.79272,9.68662],[-74.78973,9.68951],[-74.78753,9.69314],[-74.78765,9.69686],[-74.79962,9.70974],[-74.8071,9.72294],[-74.81529,9.73117],[-74.81485,9.73699],[-74.80523,9.76181],[-74.81491,9.78455],[-74.8156,9.78989],[-74.82416,9.79525],[-74.85044,9.82091],[-74.85556,9.8275],[-74.85952,9.83843],[-74.86337,9.84424],[-74.86842,9.84786],[-74.87329,9.8485],[-74.87798,9.8581]]]},"properties":{"MPIO_CCDGO":"894","MPIO_CNMBRE":"ZAMBRANO","DPTO_CCDGO":"13"}}]}
